model,seed,corruption,severity,accuracy,NLL,ECE,Brier,predictive_entropy,initial_predictive_entropy,prediction_change_rate,mean_gate,mean_relative_effective_update
A,5,shot_noise,3,0.5551,2.128460153198242,0.30856516750901936,0.721896291923523,0.3950194732757169,0.3950194732757169,,,
D1,5,frost,1,0.9135,0.3433611417770386,0.049570507642626764,0.13949143652915955,0.11549948061768227,0.12690564670573076,0.005800000000000027,0.05262487867520346,0.03333892921470055
D1,1,gaussian_noise,1,0.7939,0.893284209060669,0.14010615492761136,0.3403741062641144,0.19785504027713613,0.25010346128284,0.019199999999999995,0.09923498673801345,0.05927864327120777
D1,2,impulse_noise,5,0.188,5.262443169403076,0.7138179832935333,1.477119759941101,0.3025480177877558,0.362221330316033,0.031200000000000006,0.14517538025298368,0.07608594230909876
D1,1,speckle_noise,1,0.8765,0.5191888462245464,0.07721197646260261,0.203851521012187,0.14112625346370042,0.17678435810159135,0.01200000000000001,0.0703768221925134,0.04248691171932206
C,1,brightness,2,0.9486,0.20344090585708619,0.028266843312978743,0.08391190776824951,0.07478970836353255,0.07545875631046366,0.006000000000000005,,0.070720011297585
D1,3,gaussian_noise,4,0.3247,3.9091528327941893,0.5519697705805302,1.1805755296707154,0.3581601861324234,0.43184177996677026,0.03520000000000001,0.1734521044797778,0.11248098055586166
C,3,fog,1,0.9484,0.2048604829311371,0.02799920399039984,0.08247751626968383,0.07342733077210141,0.07474453177731484,0.005099999999999993,,0.06952730600825585
A,1,defocus_blur,2,0.9383,0.23919765959978104,0.034418281418085096,0.09930788834095002,0.08579844996062165,0.08579844996062165,,,
D1,1,impulse_noise,3,0.5903,1.8886344408035278,0.2841613178566098,0.6663909032821655,0.37370038529931626,0.4979818392242945,0.047900000000000054,0.19350287348155107,0.10047866315722724
C,1,motion_blur,3,0.7588,0.9492185078144073,0.1509449145913124,0.38185777492523193,0.2768566610288108,0.2758640323210682,0.016700000000000048,,0.07796615966033117
D1,1,defocus_blur,2,0.9388,0.24159061756134034,0.037067912262678145,0.0996029284477234,0.07562365699926449,0.0915776121730567,0.005499999999999949,0.03689166599514926,0.023104209380588922
C,1,elastic_transform,4,0.8005,0.782619589471817,0.11560872911810875,0.316652284860611,0.25523685197582235,0.2546920085655467,0.02100000000000002,,0.07666474864534978
A,4,glass_blur,5,0.5162,2.130498754501343,0.30986381597220897,0.7629634740829467,0.5151222822193231,0.5151222822193231,,,
D1,1,zoom_blur,3,0.8122,0.7778717504501342,0.115230934882164,0.30169196195602416,0.2183132905608509,0.27279614771449123,0.021499999999999964,0.108570159190379,0.06914298192152106
D1,2,gaussian_blur,1,0.9481,0.203923370552063,0.03222265688329935,0.08486907002925873,0.06380257688460697,0.07604337418958894,0.005099999999999993,0.03078696048541266,0.01980810388035834
D1,2,motion_blur,5,0.6654,1.5123017379760741,0.23132935997843743,0.5505346340179443,0.3011247176851262,0.3774057709969755,0.03469999999999995,0.14954124037629515,0.09402573889801309
C,3,zoom_blur,2,0.8643,0.5345930028915405,0.07956337117105722,0.21633912019729615,0.17265292575622443,0.17493530952238942,0.011499999999999955,,0.07378406219932195
D1,5,jpeg_compression,3,0.7922,0.848021548461914,0.12705294820666313,0.3341359893321991,0.24183638673633104,0.2694013120344025,0.01870000000000005,0.11080666546748931,0.06805291023719563
D1,2,pixelate,3,0.8278,0.7179536581039428,0.11294275640547276,0.2788380052089691,0.17754936449631933,0.2196683774803998,0.0262,0.08766530617664588,0.04933699420531933
C,5,shot_noise,4,0.4275,2.941681161880493,0.4271137404322624,0.953695583152771,0.4222222338734224,0.42535818512030527,0.029299999999999993,,0.0759009970868325
D1,3,speckle_noise,5,0.3969,3.266211538314819,0.45825873128324746,1.0127501148223876,0.41640964583896567,0.5073581376006768,0.04179999999999995,0.2028014819532167,0.12916886431659133
A,2,fog,1,0.9498,0.19376069865226744,0.027859416711330413,0.08100716080665589,0.07211332787513383,0.07211332787513383,,,
A,2,fog,4,0.895,0.42081463832855226,0.06204040147811175,0.16975299005508424,0.13443122949449754,0.13443122949449754,,,
C,5,glass_blur,3,0.6241,1.6510740106582642,0.24549902598410844,0.6001689681529999,0.39107727350870847,0.39071322624922034,0.02510000000000001,,0.07764915750863642
A,5,impulse_noise,3,0.5694,1.9212110996246339,0.2752983362197876,0.677103076171875,0.45964403092737777,0.45964403092737777,,,
D1,1,zoom_blur,4,0.7515,1.0447692504882813,0.1555286781400442,0.39633047218322753,0.27331884745293644,0.3436327239433944,0.027800000000000047,0.1364441906755106,0.08727175599070201
D1,4,spatter,5,0.7439,1.1832654665231706,0.18431051702946424,0.4303639594197273,0.22174978583518531,0.2659528963082412,0.0252,0.10736673551452598,0.053827197819153516
A,4,fog,4,0.8849,0.45436612520217895,0.06834495253115892,0.1858945559501648,0.1416470407203975,0.1416470407203975,,,
A,5,impulse_noise,1,0.8391,0.668927599620819,0.09486507464498281,0.2592305333852768,0.20098752890447505,0.20098752890447505,,,
C,3,brightness,1,0.95,0.19820190453529357,0.028703494894504546,0.0807880785703659,0.06869758501430624,0.06947310519058957,0.0048000000000000265,,0.0692847547216723
A,3,contrast,4,0.7805,0.8596283622741699,0.13291798530071974,0.34818347334861754,0.2609452060771204,0.2609452060771204,,,
A,2,speckle_noise,2,0.7298,1.2249050855636596,0.1839606413602829,0.44463078789710997,0.2599995519409364,0.2599995519409364,,,
D1,4,pixelate,3,0.8288,0.7175255651474,0.11208529199957848,0.27621157779693606,0.18032259130383027,0.21465439972710446,0.025599999999999956,0.08710786002441114,0.044530776625212896
C,5,defocus_blur,1,0.9497,0.19967236392498017,0.02908361985683441,0.08293531723022461,0.06897913904507587,0.06943203815164016,0.0047000000000000375,,0.06968281808531236
D1,2,impulse_noise,3,0.5947,1.8061141597747803,0.2734915281906724,0.6560980577468872,0.3899985034548241,0.503202230319276,0.051000000000000045,0.19674418194826915,0.1103801321354921
D1,2,snow,2,0.812,0.8078550304412841,0.12503760711550713,0.30721549324989317,0.19068529729184228,0.24129177924626274,0.019399999999999973,0.09531540434281827,0.05765857810965921
C,5,motion_blur,3,0.7358,1.1387671827316284,0.17475946991741656,0.4313899741649628,0.2712957251828484,0.27051604100965926,0.014800000000000035,,0.07639892642582156
C,2,speckle_noise,4,0.4364,3.096298358154297,0.4421208957135677,0.9671300760269165,0.3569721737854998,0.36446341580052977,0.018100000000000005,,0.07340009735786479
A,2,gaussian_blur,1,0.9511,0.18996863384246826,0.02744729522317648,0.07973409345149994,0.06990622542884521,0.06990622542884521,,,
A,1,glass_blur,4,0.4899,2.290413023376465,0.33336092220544816,0.8055967537879943,0.5212621241949266,0.5212621241949266,,,
C,1,frost,2,0.8624,0.5602016785621643,0.08050487727969885,0.2204160692691803,0.17513278241725055,0.1749095528258942,0.011600000000000055,,0.07313567816687588
A,3,defocus_blur,2,0.9336,0.26321102890968323,0.039126174864172934,0.10755207376480103,0.08574280557023885,0.08574280557023885,,,
D1,5,impulse_noise,5,0.2,4.919075266265869,0.6368459604308009,1.3727557136535644,0.44870641381562454,0.494991665715538,0.02939999999999998,0.20341245079038442,0.11127133540452339
D1,5,fog,5,0.7357,1.1180139108657836,0.1756015240058303,0.4278718235492706,0.2650935377537797,0.2926562913437432,0.021700000000000053,0.12102736932757736,0.0810780693539884
A,2,saturate,5,0.8955,0.409469131565094,0.06073508560806513,0.16699999158382417,0.13734222664744156,0.13734222664744156,,,
A,3,gaussian_blur,4,0.6363,1.4703776683807372,0.21259416136443615,0.5668662454605102,0.4401988646552316,0.4401988646552316,,,
A,3,impulse_noise,4,0.3913,2.822678968811035,0.3838596739500761,0.940518056678772,0.6657988594577997,0.6657988594577997,,,
C,3,frost,4,0.7613,1.0565241861343384,0.15119813133329152,0.3835545509338379,0.2638458389537991,0.26511314835551314,0.014599999999999946,,0.07386731951082784
C,5,motion_blur,4,0.735,1.1371598949432373,0.1750676640599966,0.42636387672424314,0.2690418598732387,0.2683384375880036,0.01770000000000005,,0.07631412357047455
C,3,glass_blur,5,0.4952,2.4128589317321776,0.34439816099256276,0.8132405351638794,0.4753503613079083,0.4681535833073605,0.028699999999999948,,0.07828854134376968
D1,4,brightness,2,0.9477,0.20838151211738587,0.03134245646297932,0.08616188943386077,0.06807745692775644,0.07840348502696724,0.0046000000000000485,0.032140974640443166,0.017680182444723018
C,1,frost,4,0.7622,1.0453134481430053,0.14728963712155818,0.38223250074386594,0.27266159002506757,0.27253870366815824,0.014800000000000035,,0.07487807813495846
C,2,spatter,4,0.8658,0.5453189729690552,0.08354024619460106,0.2182622556209564,0.15648609674018227,0.1571629870011937,0.011399999999999966,,0.07064907319256004
A,1,brightness,3,0.9411,0.22392337322235106,0.033137488505244256,0.09379251742362976,0.08304062830681214,0.08304062830681214,,,
C,1,contrast,1,0.9476,0.20925797200202942,0.029191597202420233,0.08605500421524048,0.07704841282366542,0.07779987276899338,0.00539999999999996,,0.07099181530416028
A,3,pixelate,3,0.8298,0.6887161267280578,0.10041108506619931,0.2690419674873352,0.21396594235000374,0.21396594235000374,,,
D1,3,frost,4,0.7612,1.054104351425171,0.15962146131545304,0.3878606448173523,0.23424763578882557,0.28909801037127036,0.02859999999999996,0.1149449996946918,0.07462491828212386
C,3,saturate,2,0.9071,0.3797960330963135,0.05459659724533558,0.1506422122001648,0.11873643752500648,0.11935944978884654,0.006700000000000039,,0.07097036283470586
D1,4,gaussian_noise,1,0.8165,0.7716172002792359,0.11698356387019157,0.2986286781311035,0.1969877670120477,0.23016726918273198,0.01970000000000005,0.09392495533680728,0.05225786973056973
A,1,gaussian_noise,4,0.3052,3.864372794723511,0.5461095164239407,1.1810718116760255,0.4300890952412505,0.4300890952412505,,,
D1,3,glass_blur,4,0.4808,2.4597465919494628,0.36907864426076414,0.8493105215072632,0.4414382684947923,0.5576614271161845,0.05920000000000003,0.21918735890355504,0.12998450005122442
C,1,snow,2,0.7991,0.8609192180633545,0.12542389277815819,0.3239930811882019,0.2301663126580359,0.22908130887296865,0.015000000000000013,,0.07442832423843421
A,5,snow,5,0.7862,0.8854632915496826,0.1280314568206668,0.3367224136352539,0.2569443435426947,0.2569443435426947,,,
A,2,speckle_noise,5,0.3983,3.1366382453918455,0.45292505656033755,1.005450368309021,0.43822909251813547,0.43822909251813547,,,
A,3,pixelate,2,0.8762,0.47612146282196044,0.0681651265591383,0.19146963024139405,0.16932851777276955,0.16932851777276955,,,
D1,3,jpeg_compression,4,0.7736,0.9585419052124023,0.14816351496726274,0.3707982618331909,0.23549228937512962,0.2898266664526658,0.0242,0.11531139768916569,0.0756294735784268
D1,4,gaussian_blur,2,0.8899,0.4243657308578491,0.06746778755486012,0.17470796036720276,0.12946585743987815,0.14888256847746087,0.011099999999999999,0.061100698029198486,0.03461294306672892
A,3,contrast,3,0.8741,0.4827471999168396,0.07494100333154201,0.2000303032875061,0.15525924608698405,0.15525924608698405,,,
A,2,elastic_transform,4,0.8087,0.7620017434120179,0.1118082127213478,0.3072917129993439,0.24488316015538003,0.24488316015538003,,,
D1,5,shot_noise,3,0.5539,2.0985663791656495,0.3231916041344404,0.7338694815635681,0.35567341460821916,0.3952516255519644,0.03249999999999997,0.1623406852169195,0.10758739300136665
A,1,pixelate,1,0.9269,0.2900896239757538,0.04116516177654266,0.11853333396911621,0.10217100216784747,0.10217100216784747,,,
D1,5,brightness,3,0.9444,0.21604179186820985,0.0317682079076767,0.08812789356708527,0.0754149822205276,0.08271316414581088,0.0048000000000000265,0.034357151562565316,0.021662029695061574
A,5,spatter,5,0.7769,1.0130914282798766,0.14156792819350958,0.36840092780590056,0.24169476311034524,0.24169476311034524,,,
A,1,zoom_blur,3,0.8056,0.7490086256980896,0.11169425012469292,0.3058852129817009,0.25356420291718096,0.25356420291718096,,,
A,5,defocus_blur,4,0.791,0.8455202198028564,0.1297073178693652,0.33537834854125975,0.238148030894564,0.238148030894564,,,
C,3,contrast,3,0.8666,0.5380297643661499,0.08364525604248046,0.2143875365257263,0.15402951562537345,0.15554495713550714,0.009199999999999986,,0.07321963178599886
D1,5,fog,1,0.9523,0.19902731199264526,0.027262256483733652,0.07967785646915436,0.06605711357195396,0.07213791405089433,0.0032999999999999696,0.030038631777017627,0.019380595641965512
A,3,glass_blur,1,0.5976,1.7640191270828247,0.26210305645763876,0.6417030179977417,0.41693621778809464,0.41693621778809464,,,
C,3,speckle_noise,1,0.8719,0.5189658472537995,0.0791499667033553,0.20321545515060424,0.1500248350624752,0.15140107527042856,0.00880000000000003,,0.07116934995852657
A,5,elastic_transform,3,0.8644,0.5278766359329223,0.07863071330189705,0.21677317543029787,0.17333979835547506,0.17333979835547506,,,
D1,3,jpeg_compression,5,0.7306,1.137524786567688,0.17923074665367603,0.43657074937820434,0.2683355617163703,0.3305629553670937,0.02839999999999998,0.13143424684937247,0.08583259829010116
C,2,spatter,1,0.9273,0.28732694325447083,0.041208522507548334,0.11759702514410018,0.09955571200499544,0.10008911946060252,0.006700000000000039,,0.0694210398897722
C,2,defocus_blur,1,0.9476,0.1995631791293621,0.03202913615107536,0.0830259008973837,0.06715436602291301,0.06762499754931778,0.0042999999999999705,,0.06826875866610599
D1,2,frost,5,0.6522,1.6329870399475097,0.24433653300404548,0.5737487760543823,0.3087272678752808,0.3915085704561847,0.037799999999999945,0.15440240293367338,0.09063539939579668
C,5,defocus_blur,3,0.8823,0.4537157926559448,0.0717962217837572,0.1872192451953888,0.14009873651624075,0.1409848548138747,0.007600000000000051,,0.07286541783665866
D1,4,impulse_noise,2,0.6638,1.5905077459335326,0.236402671071887,0.5555949528694153,0.3042664788042428,0.3691410435165162,0.043300000000000005,0.14821175067630635,0.07048002999587392
D1,3,gaussian_noise,1,0.7991,0.8763784450531006,0.134629282695055,0.3312011331558228,0.19665247774311576,0.23676500361329528,0.019499999999999962,0.09524031275831124,0.06326596732725251
D1,4,saturate,2,0.9089,0.36104274797439573,0.05615094411969185,0.14675796568393706,0.10730647883231285,0.12430082839881361,0.008600000000000052,0.050825222789862894,0.028270682221859727
C,3,gaussian_blur,2,0.8952,0.4140897576332092,0.06391325248628854,0.16938067169189452,0.12889255824253779,0.12976760849839775,0.008700000000000041,,0.07235851223332568
A,2,snow,3,0.8442,0.6263742822647095,0.09030233390182257,0.25092623789310453,0.199952885725745,0.199952885725745,,,
A,3,impulse_noise,1,0.8155,0.7929966765403748,0.11626606437712908,0.30166382272243497,0.2083863774871279,0.2083863774871279,,,
D1,4,defocus_blur,4,0.7977,0.8169914898872376,0.13160680007785558,0.32561796646118163,0.21069713099316578,0.24336917879125686,0.018199999999999994,0.09973144564903536,0.056553359991690276
D1,4,glass_blur,5,0.5428,2.0679858184814455,0.3095340250819921,0.7361607215881347,0.434102670469915,0.5391768842528516,0.06399999999999995,0.21412335437433308,0.11037335113566597
D1,5,motion_blur,5,0.654,1.4969925422668457,0.22496607634872198,0.5581515455245971,0.3596378575701732,0.40103704828419723,0.029100000000000015,0.1647550280064548,0.10706005429450367
A,3,gaussian_blur,2,0.8895,0.4287956552505493,0.06375554285049438,0.1756542299747467,0.14259463265226513,0.14259463265226513,,,
A,1,elastic_transform,1,0.9098,0.34737755709886553,0.04920933380723,0.1451551364004612,0.12711473358872463,0.12711473358872463,,,
C,5,contrast,1,0.9437,0.2229760810613632,0.033360999122262,0.09233805539608002,0.07499529461191559,0.07615074194559711,0.0044999999999999485,,0.06987130761304106
D1,2,brightness,5,0.9096,0.35769557580947875,0.05795804755091667,0.14580854296684265,0.10067899600445526,0.12469053741679235,0.010000000000000009,0.049653267181785,0.031543987192231435
D1,2,speckle_noise,2,0.7287,1.2347534267425537,0.19248060957044363,0.4469389127731323,0.2352818259425956,0.2936154967276205,0.025800000000000045,0.11681397464673453,0.07091235022072004
D1,3,zoom_blur,5,0.6473,1.5875937271118163,0.24568675103485585,0.5819447483062744,0.3196307980006444,0.38864236533169166,0.032399999999999984,0.15519749813175684,0.1047707591210909
A,5,impulse_noise,5,0.1908,4.699619994354248,0.625761024211347,1.3580376678466797,0.5249072110163979,0.5249072110163979,,,
D1,5,pixelate,2,0.8791,0.48179839210510256,0.07102105752527714,0.19336374690532684,0.15324341935285485,0.1708123457512207,0.015000000000000013,0.07015364556921462,0.03503075437074223
C,3,snow,2,0.8125,0.8082389379501342,0.11766530711203814,0.3043145121574402,0.2110998177034082,0.21160256795836613,0.015599999999999947,,0.07314070461507381
D1,3,contrast,5,0.3393,3.010011800003052,0.4279638489484787,1.0184099676132201,0.6551047694989247,0.8243295318250544,0.06389999999999996,0.321931626079637,0.2071800227890146
C,5,impulse_noise,1,0.8221,0.7674870441913605,0.11299454128444195,0.2905660527467728,0.1992625027158443,0.1972903986412508,0.013599999999999945,,0.07246502294040819
D1,2,snow,3,0.8425,0.6691580169677734,0.10186550246030092,0.2597494366168976,0.16818893191764947,0.21130988767390954,0.020100000000000007,0.08373420262197274,0.05133909371578532
D1,1,motion_blur,3,0.7705,0.9768394954681396,0.1537947040706873,0.3746173091888428,0.2281598034594703,0.2887401159949921,0.02290000000000003,0.11436819176522793,0.07317928108814652
C,5,jpeg_compression,5,0.7177,1.1734847709655762,0.17887729205191136,0.45199921369552615,0.31100676953432266,0.31090560118540306,0.02180000000000004,,0.07648166941462385
A,5,gaussian_blur,1,0.9521,0.18658402700424195,0.026909805136919023,0.07749461771249772,0.06954126836166107,0.06954126836166107,,,
A,4,shot_noise,4,0.4397,2.717168650436401,0.40957476831525563,0.93253392868042,0.44272921836552853,0.44272921836552853,,,
C,2,fog,1,0.9475,0.2061516336530447,0.03193320076465607,0.08552671138569713,0.0685023997322016,0.06924299184938427,0.0040000000000000036,,0.06830234880907016
C,5,impulse_noise,5,0.1692,5.025835835266113,0.6748853975087404,1.4334559257507324,0.4552200476702943,0.42578229230424625,0.02980000000000005,,0.07291092457319644
C,5,saturate,4,0.9266,0.2878244304388762,0.04296751757860184,0.11800066269859671,0.09656391871867818,0.09648117964373523,0.006099999999999994,,0.07030680063238723
A,5,fog,1,0.9514,0.19406420016288758,0.026294582721590996,0.07876741652488709,0.07062377359575767,0.07062377359575767,,,
D1,1,defocus_blur,1,0.95,0.19870912051200867,0.030720778450369836,0.08276617289781571,0.06324068182444825,0.07701884479555883,0.0039000000000000146,0.030957690915637187,0.01928589145389139
D1,1,shot_noise,4,0.4536,2.885797813796997,0.4277779875278473,0.9382438206672669,0.34463897480827,0.43813202603032697,0.04159999999999997,0.17338272988305933,0.09862259103555887
A,2,shot_noise,3,0.5362,2.33694735622406,0.3500032778799534,0.7851631139755249,0.33990279272632323,0.33990279272632323,,,
A,4,saturate,5,0.8983,0.3946852579593658,0.057036533948779104,0.16204136157035828,0.13690490914179826,0.13690490914179826,,,
C,5,pixelate,1,0.9304,0.26833297514915466,0.04010866121649742,0.11066540894508362,0.09329485534355045,0.09365574530460581,0.006199999999999983,,0.07030662515336529
C,2,fog,4,0.8888,0.44671091384887696,0.06767731836438179,0.17944687139987944,0.1356608528805431,0.13676088024686323,0.008000000000000007,,0.07087858904025168
A,4,speckle_noise,4,0.4873,2.3923386520385743,0.3636556127771735,0.8323720045089722,0.43787556402545597,0.43787556402545597,,,
D1,5,saturate,4,0.9286,0.2770425807416439,0.04151679687798023,0.11462476534545421,0.09271081181523914,0.103023956342772,0.005199999999999982,0.042467874456616365,0.026522529349935594
C,5,frost,2,0.8572,0.5817595564842224,0.08699651801139116,0.22634036710262298,0.168380591326789,0.16942624200827558,0.01100000000000001,,0.07247851200992696
A,3,spatter,5,0.7407,1.231963127708435,0.17884040011912583,0.434082568359375,0.24091196458741324,0.24091196458741324,,,
A,1,defocus_blur,3,0.8949,0.40789386365413666,0.05943780018091202,0.16795357480049133,0.14126430247462704,0.14126430247462704,,,
D1,2,spatter,2,0.8627,0.569969552898407,0.08790106416940689,0.22522773337364196,0.1490279226167535,0.18604557571896002,0.015599999999999947,0.07382106771649997,0.04555973534474092
A,1,motion_blur,3,0.7623,0.9474019322872161,0.14893328635543585,0.37593668208122255,0.2689623571987555,0.2689623571987555,,,
A,3,zoom_blur,5,0.6364,1.5033766960144044,0.21690420693159104,0.5678883157730102,0.43332982783235785,0.43332982783235785,,,
D1,1,defocus_blur,3,0.9019,0.3846321502685547,0.06024502453804016,0.15985265054702757,0.11750486712188285,0.14435211449826893,0.009099999999999997,0.057847420974112905,0.037041856362185384
A,3,shot_noise,2,0.7735,0.959652146911621,0.14626444351375104,0.3677919298648834,0.2415220745227125,0.2415220745227125,,,
D1,2,gaussian_noise,3,0.3913,3.2649057121276854,0.4725502203166485,1.0332020973205567,0.3939915976350894,0.48711444005222876,0.04390000000000005,0.19373498039186332,0.11405326936623617
A,4,elastic_transform,3,0.8669,0.5118763346672058,0.07505773142576218,0.2121591410636902,0.1730983638908103,0.1730983638908103,,,
C,1,gaussian_blur,2,0.8957,0.40471168308258054,0.060418461163342,0.16806382100582123,0.14141861375143053,0.14170292373371193,0.010299999999999976,,0.07384742392753318
C,2,jpeg_compression,1,0.8704,0.5204304742813111,0.07633293282091617,0.20745531942844392,0.16236285298328149,0.16261237520901486,0.010499999999999954,,0.07120447231570126
A,3,spatter,3,0.8155,0.7752530107498169,0.10909308785498142,0.2963039042472839,0.23122013771496713,0.23122013771496713,,,
D1,2,motion_blur,4,0.7501,1.0899301204681398,0.17057957955598832,0.4100828540802002,0.23661950645337346,0.2924169757765776,0.024900000000000033,0.11660836289601867,0.07393309456438356
D1,2,contrast,3,0.8735,0.5157025157928466,0.08136269928514958,0.2069020013809204,0.13684283631882863,0.169824094974366,0.012800000000000034,0.06756055874867355,0.04192525037326968
C,2,pixelate,1,0.9283,0.2779376585960388,0.040194743426144125,0.11413860499858856,0.1009694555930182,0.10150687353259419,0.00539999999999996,,0.06946814975866007
D1,5,snow,3,0.8451,0.6263540532112122,0.09424523994922637,0.24792207469940186,0.18362441798560614,0.20317171920065594,0.012399999999999967,0.08387541491336015,0.047719291312681385
D1,5,speckle_noise,4,0.5246,2.293692357254028,0.341992104293406,0.7820521909713745,0.3863419242393109,0.43361530151351474,0.0363,0.17697948320085174,0.11670894267544042
A,1,snow,5,0.7669,0.9686066792488098,0.1464603904083371,0.37381407268047334,0.26363162071721163,0.26363162071721163,,,
D1,3,zoom_blur,3,0.8068,0.7911145296096802,0.12372278739511967,0.31227748022079466,0.20797526037658098,0.24858651879795363,0.020299999999999985,0.10018120654806068,0.06840736544007577
C,1,impulse_noise,4,0.4114,2.6787764591217043,0.3744704797208309,0.9136822734832764,0.6284430975394207,0.6273599997894955,0.04410000000000003,,0.07913767192592941
A,3,elastic_transform,3,0.8644,0.5348980550765992,0.07763813237845897,0.21857110505104066,0.1755118085372902,0.1755118085372902,,,
C,5,spatter,4,0.8638,0.5771717500448227,0.08479037842154503,0.2238049186706543,0.15656532187070116,0.15597705699991493,0.011900000000000022,,0.07176227174070236
C,5,brightness,5,0.9102,0.3598860156536102,0.054141253070533274,0.1447105275630951,0.1118671808176994,0.11258633823082782,0.007000000000000006,,0.07137778195963611
A,1,impulse_noise,4,0.3839,2.9543646743774414,0.3998481273382902,0.9675368194580078,0.634401079443004,0.634401079443004,,,
D1,3,gaussian_blur,4,0.6589,1.4946145473480226,0.23843993055820464,0.5621272290229797,0.30386104133912595,0.3657754785153549,0.029299999999999993,0.14685038787953866,0.10194230526888466
D1,4,frost,2,0.8645,0.5565489812850952,0.08669726861715317,0.2210240876674652,0.15062108161805082,0.17932053999417402,0.012599999999999945,0.07257239696553587,0.040344803085500154
D1,1,frost,3,0.7885,0.8983203908920289,0.13686775737851858,0.34280964460372926,0.22396899374594215,0.29164516410115177,0.023599999999999954,0.11422265139422089,0.06716312211101232
A,5,gaussian_blur,2,0.8902,0.43084254570007324,0.06312236891984939,0.17654053621292115,0.1429555266473064,0.1429555266473064,,,
D1,2,gaussian_noise,4,0.3251,3.7385524700164794,0.5269158286675811,1.146763063812256,0.42446997873741205,0.5212901477535925,0.04620000000000002,0.2074204485243419,0.12121279544987072
D1,1,speckle_noise,4,0.5141,2.5234139831542968,0.3732718459740281,0.8269261800765991,0.3304466191657877,0.42306680726089396,0.03390000000000004,0.1669624060051215,0.09500441140240579
D1,3,gaussian_noise,3,0.3966,3.3524916225433348,0.4841926541686058,1.051507960510254,0.3437552681932691,0.41407879346808185,0.03869999999999996,0.16641552187091826,0.1075009977755562
A,1,jpeg_compression,1,0.8671,0.5195883390426635,0.07885700984299183,0.2107495766878128,0.16541053713456494,0.16541053713456494,,,
C,5,brightness,1,0.9494,0.19460666732788087,0.029153308573365212,0.0809130116224289,0.06815341840816837,0.06834936993111623,0.0042999999999999705,,0.06949015637421828
D1,2,motion_blur,1,0.9078,0.3630927539825439,0.05753411456644535,0.14884331185817717,0.10559690854349174,0.127192141230969,0.009600000000000053,0.05124381993927091,0.03285280043443017
C,2,frost,4,0.7403,1.1667214992523194,0.16898315009176731,0.4211371228218079,0.27075575715505984,0.2728761566067231,0.01419999999999999,,0.07296381309466753
A,4,spatter,3,0.8304,0.7027803163528442,0.10023046807646752,0.2730699710130692,0.2139536650899623,0.2139536650899623,,,
A,1,impulse_noise,1,0.8035,0.8575280376434327,0.12806616779118776,0.31855276069641114,0.20801926475284271,0.20801926475284271,,,
A,2,contrast,2,0.914,0.3375943522453308,0.05185444971174002,0.13663695430755615,0.10697326985545806,0.10697326985545806,,,
D1,4,elastic_transform,1,0.9075,0.35291566581726075,0.054402707186341284,0.1484035656452179,0.11682796901892288,0.13516642262366949,0.007499999999999951,0.05535031671039081,0.030943304287128198
A,2,elastic_transform,3,0.8797,0.4707411615371704,0.06711366444081068,0.19301699147224427,0.16504767798132672,0.16504767798132672,,,
D1,4,zoom_blur,1,0.8855,0.4442758330643177,0.06924245257675647,0.18276650928258895,0.13821273003098322,0.1595641542933241,0.011700000000000044,0.06538783771833113,0.036636687519886885
C,3,glass_blur,1,0.5653,2.016040818786621,0.2924814908578992,0.6985607664108276,0.4187916793692275,0.41463361698885565,0.030000000000000027,,0.07708873674409548
C,5,fog,1,0.9476,0.20603462204933168,0.030396602794528008,0.0852483463525772,0.07203190494915762,0.07267762789411646,0.0046000000000000485,,0.06968285223844278
C,1,snow,3,0.8393,0.6588165888786316,0.09533885006308555,0.2572025683879852,0.20216637541626697,0.2010222250422463,0.013700000000000045,,0.07438078958112503
A,3,frost,5,0.6659,1.5044644668579101,0.22027479694485663,0.5424512756347656,0.34046547811065686,0.34046547811065686,,,
C,2,shot_noise,2,0.7309,1.2287886610984802,0.18717886662334204,0.44410399479866025,0.24246115504819318,0.24564338957986911,0.012700000000000045,,0.07182487800553466
C,3,shot_noise,5,0.3727,3.3746024002075194,0.4684550954893231,1.0470304821014405,0.4524126126890769,0.45835078625397874,0.02629999999999999,,0.07550249291694756
A,4,frost,5,0.6303,1.6483804691314696,0.2398182378038764,0.5879116739273071,0.38691629114230747,0.38691629114230747,,,
D1,3,saturate,4,0.9259,0.2802321496486664,0.046215182322263716,0.11851135926246643,0.09056948556065618,0.10913697919197148,0.007099999999999995,0.04378972733368864,0.0293329283226673
C,2,glass_blur,4,0.4871,2.3852570796966552,0.350695871065557,0.8229420724868775,0.4829146066563553,0.4763883165275329,0.023299999999999987,,0.07729399102754304
D1,3,shot_noise,4,0.4646,2.841400944137573,0.41565631622672083,0.9174662652015686,0.3471700861616613,0.42025533484517946,0.037699999999999956,0.1686434853243838,0.10819416899595029
C,2,pixelate,2,0.8751,0.5007125089168548,0.07076500306129456,0.197034042263031,0.16773399234466196,0.16813071080091177,0.009299999999999975,,0.07107492412177423
D1,2,defocus_blur,1,0.9483,0.2036691870212555,0.03200268599390983,0.08476929998397827,0.06377124039985937,0.07598520974627464,0.005600000000000049,0.03076798415973851,0.019794730598604603
C,2,frost,5,0.6234,1.824528695678711,0.2624656310468912,0.6176868133544922,0.3366279115076497,0.34029087444834877,0.017199999999999993,,0.0740258782197565
A,2,defocus_blur,3,0.9022,0.3774093316078186,0.05639659787863493,0.1550252221107483,0.1286532351531787,0.1286532351531787,,,
A,2,motion_blur,2,0.8515,0.6014855377197266,0.08990375883430242,0.23998876886367798,0.1829122157512873,0.1829122157512873,,,
D1,4,contrast,5,0.3394,3.2217412532806398,0.488480257897079,1.0955161135673523,0.5141826220074901,0.6280502191882813,0.05500000000000005,0.2506712336419189,0.13232234887591063
A,1,glass_blur,2,0.5855,1.7950297063827514,0.2684290806144476,0.6571260081291199,0.43374808932689485,0.43374808932689485,,,
D1,4,saturate,3,0.9466,0.21387288244366645,0.032154766181111336,0.08708217396140099,0.06747382804988301,0.07729915144843981,0.0043999999999999595,0.03175416435663598,0.017347479226587584
D1,1,brightness,2,0.9473,0.2069123429298401,0.032043715572357176,0.08572533061504364,0.06722020757257996,0.08288471855336829,0.0030999999999999917,0.03316000409821002,0.020611021223949342
C,5,pixelate,5,0.495,2.5013645975112917,0.3667819975659251,0.8310326336860657,0.4076043641391443,0.40391580816486383,0.029000000000000026,,0.07583067128925963
A,5,gaussian_blur,5,0.3738,2.993315160369873,0.43946139659285544,1.0144334529876708,0.5428445000485866,0.5428445000485866,,,
A,3,gaussian_noise,4,0.3061,3.8541213485717774,0.5669475468724966,1.211386668777466,0.38602833386396523,0.38602833386396523,,,
A,4,jpeg_compression,2,0.8134,0.7300453368186951,0.10894706856608391,0.2941916422843933,0.23157413948641042,0.23157413948641042,,,
C,2,contrast,1,0.945,0.21318081222772597,0.032586427523195745,0.08831467090845108,0.0715824527016317,0.07218643325765442,0.0036000000000000476,,0.06847109736525973
A,5,zoom_blur,5,0.6244,1.6665113313674926,0.24664875226318836,0.6093785730361938,0.37881853419099937,0.37881853419099937,,,
C,1,contrast,4,0.7933,0.8200863943099975,0.12767402168363332,0.3309406398296356,0.24440277157758247,0.2419261511825898,0.01639999999999997,,0.07715785938290481
C,5,pixelate,3,0.851,0.6243462026596069,0.0887695882588625,0.24083949728012086,0.1868665762802062,0.18756154374550096,0.012900000000000023,,0.07240684532518384
D1,5,frost,4,0.7585,1.0397055464744567,0.15508132647424935,0.38881201338768007,0.2580882538608246,0.28702904105689087,0.020100000000000007,0.11811313521940416,0.07314426409739785
C,2,snow,2,0.811,0.7830827493667603,0.11431388244628907,0.30257136306762694,0.2277557064589928,0.22845524104278303,0.011900000000000022,,0.07236133214693967
C,3,jpeg_compression,5,0.7299,1.1392303970336914,0.17344658822864295,0.4361841171264648,0.2942358180856856,0.2927608554065984,0.018199999999999994,,0.07569655736465412
A,1,brightness,4,0.9348,0.2559365970134735,0.036662655743956565,0.10629181404113769,0.09177684779017582,0.09177684779017582,,,
A,5,spatter,2,0.8643,0.5479140162944793,0.07914865044802427,0.21931803908348083,0.1759387051039608,0.1759387051039608,,,
C,2,gaussian_noise,5,0.1951,5.342422409820557,0.6959267960071563,1.4518148542404175,0.3191201600290369,0.3305476924498333,0.014399999999999968,,0.07229208868538178
C,3,elastic_transform,5,0.7611,0.9527618757247924,0.1417172678142786,0.3802238284111023,0.29197253592284395,0.29251684074275547,0.021399999999999975,,0.07603601916213852
C,2,elastic_transform,2,0.9096,0.3613305081129074,0.05113972178399563,0.1469053750872612,0.12161737953851698,0.12305987900014442,0.007399999999999962,,0.07041862428866764
D1,1,brightness,3,0.9429,0.2256021966934204,0.03473957658112049,0.09319981689453125,0.07316404173524933,0.0910406505364619,0.0049000000000000155,0.03629043965098366,0.022499439478027638
D1,5,spatter,2,0.8677,0.5168654610157013,0.077297556245327,0.21094690263271332,0.1677322274534352,0.1877580679180246,0.01200000000000001,0.07695184734314924,0.03939246147618216
A,1,motion_blur,4,0.7649,0.9442441109895706,0.1460659265950322,0.37323483082056047,0.2681775285004347,0.2681775285004347,,,
A,1,jpeg_compression,2,0.8129,0.7380581157684326,0.10994610685408115,0.29587718629837034,0.23368852115242625,0.23368852115242625,,,
C,1,motion_blur,5,0.682,1.289680136680603,0.20016977007091044,0.5062311985015869,0.3603970992122078,0.3564226455274271,0.0252,,0.08054650269494802
D1,2,shot_noise,2,0.7772,0.9778315713405609,0.15265007990300655,0.36773076723814013,0.20981880142326118,0.2593896016608516,0.02180000000000004,0.10361846894034339,0.06406079160310446
A,4,shot_noise,2,0.7585,1.006037442135811,0.1539931261524558,0.38691674344539645,0.2601942634491861,0.2601942634491861,,,
D1,5,elastic_transform,4,0.8018,0.8117012707710266,0.12097176910340786,0.32136703815460205,0.23164005701238347,0.25171584243858525,0.018399999999999972,0.1048989563987663,0.06921988500128033
D1,3,pixelate,1,0.9319,0.27027031846046445,0.040727651578187946,0.11125649335384369,0.08721498005954491,0.10546855725947243,0.006099999999999994,0.0423209825797397,0.028201648420714456
C,3,gaussian_blur,3,0.8042,0.7951971699714661,0.12444012743681669,0.3172166630268097,0.21807498544160625,0.2178341967879678,0.014000000000000012,,0.0755862772913748
C,3,glass_blur,3,0.6027,1.8126854965209962,0.26378370093107223,0.6372702661514282,0.39537686193893895,0.3926322440075164,0.026100000000000012,,0.0769325937617379
A,4,gaussian_blur,2,0.8881,0.42765244092941285,0.06550636391490698,0.1787264145851135,0.14063342267787665,0.14063342267787665,,,
C,3,brightness,2,0.9468,0.21150866966247558,0.03043822279572487,0.08581768436431884,0.07307614749779168,0.07394150951417104,0.0042999999999999705,,0.06949299075855357
D1,1,elastic_transform,4,0.8071,0.7820763871192932,0.12638557240962983,0.31061810541152957,0.20298756766195,0.2563027039823355,0.019100000000000006,0.1016802871941858,0.06328774246676053
C,2,snow,5,0.7662,0.9873445461273194,0.14591282154917717,0.3745586169719696,0.2640396167989413,0.26478945043459245,0.015800000000000036,,0.07330000955176716
A,5,brightness,3,0.9452,0.21819258580207826,0.029795320191979408,0.08943948533535004,0.08099035975141741,0.08099035975141741,,,
A,4,elastic_transform,4,0.8014,0.8060228356838226,0.11613914446532726,0.318745698261261,0.24975578780072974,0.24975578780072974,,,
A,4,zoom_blur,2,0.8593,0.5413385495185852,0.07992366697043181,0.22290274286270143,0.18401123190918006,0.18401123190918006,,,
A,2,defocus_blur,4,0.8175,0.7202886191368103,0.10985863682627678,0.2917510089874268,0.22065117758100386,0.22065117758100386,,,
A,4,pixelate,3,0.8392,0.6453289376258851,0.0945788965895772,0.25386997585296633,0.20031749862209108,0.20031749862209108,,,
D1,5,defocus_blur,1,0.9531,0.19241684894561767,0.027092351734638215,0.07731370854377746,0.06454749291943007,0.07038397419304529,0.0026000000000000467,0.0293257971909877,0.019194133077584268
D1,5,gaussian_blur,2,0.8952,0.403733770275116,0.06180106398463249,0.16609444270133972,0.13010790384367574,0.14112651528599382,0.008199999999999985,0.05887980241339149,0.0405837883319412
A,5,saturate,3,0.9494,0.19708642951846123,0.028188519471883774,0.08244268842344173,0.07329693173959094,0.07329693173959094,,,
A,1,frost,2,0.8585,0.5696626997947692,0.08560608645677567,0.22564994440078737,0.17414742284188978,0.17414742284188978,,,
A,5,impulse_noise,4,0.3499,3.236070557022095,0.4472584447205067,1.0436224899291993,0.5897875246456883,0.5897875246456883,,,
C,2,brightness,4,0.9353,0.25008132038116454,0.03745387970805168,0.1036670419216156,0.08733142021525418,0.08836676006493799,0.005299999999999971,,0.0690540005679846
C,5,jpeg_compression,3,0.7857,0.8706090166091919,0.1334904802441597,0.33995839323997495,0.24345973675539717,0.24398346937159077,0.013000000000000012,,0.07484918735524604
D1,5,saturate,2,0.9079,0.36517726049423216,0.055280654811859134,0.14832318670749664,0.11449522541471233,0.12721250108352106,0.007499999999999951,0.052432496061835754,0.03442636638863342
D1,1,spatter,4,0.8582,0.6026839905738831,0.09617526090443135,0.23590839138031006,0.14008446672669742,0.1761931546739772,0.013700000000000045,0.07004096946657665,0.04059338000138841
A,2,jpeg_compression,3,0.7993,0.7914307331085205,0.11941585103571414,0.31828116731643674,0.25045464997597444,0.25045464997597444,,,
C,5,frost,3,0.7747,0.9583704122543335,0.1413262309446931,0.3608993597984314,0.2534405184440839,0.254788833021,0.014599999999999946,,0.07441095893297078
A,1,shot_noise,4,0.4459,2.812622127151489,0.40657671794742345,0.9161201219558716,0.42958899938523537,0.42958899938523537,,,
C,2,elastic_transform,5,0.7553,0.9542368635177613,0.14120706964731217,0.38156382312774656,0.3116640642712649,0.3126356063485553,0.022499999999999964,,0.07538984910381798
D1,4,elastic_transform,4,0.8057,0.7857555725097656,0.12233235298246145,0.31047689175605775,0.2165597956907819,0.2521518574195827,0.020499999999999963,0.1030082588102489,0.05725485534182908
C,2,impulse_noise,1,0.8335,0.6939501225471496,0.10474607116281986,0.27036330347061155,0.19332466753479094,0.19259780408459773,0.010399999999999965,,0.0713752837557316
A,3,spatter,1,0.9186,0.3205139361858368,0.046683038032054903,0.13110876722335815,0.11056366262895607,0.11056366262895607,,,
A,2,zoom_blur,5,0.6563,1.446395094871521,0.21774210762083532,0.5460317859649658,0.37921708952088956,0.37921708952088956,,,
C,3,elastic_transform,2,0.9094,0.36919642496109006,0.0524310254573822,0.14909647688865663,0.11971837679519667,0.12159914156749728,0.008199999999999985,,0.07177957349973231
D1,4,defocus_blur,3,0.891,0.41805680265426637,0.06653211137950421,0.17217277765274047,0.12800750250230777,0.14700073620729964,0.010499999999999954,0.06036246307870897,0.03417561143291165
A,4,zoom_blur,5,0.6384,1.544501515197754,0.2304723060131073,0.5771768647193909,0.3879100052829628,0.3879100052829628,,,
D1,2,fog,3,0.9202,0.3163896897315979,0.050438312610983846,0.12948653068542482,0.0913606368167937,0.11089281864841469,0.006900000000000017,0.04448698830322586,0.02835997590854424
A,3,gaussian_blur,5,0.3394,3.0131832389831543,0.43065261446386577,1.0324275939941405,0.6648056700329995,0.6648056700329995,,,
C,2,spatter,2,0.872,0.5248549128532409,0.07595135238617659,0.20734387850761413,0.16300005053585045,0.1627776433415711,0.010099999999999998,,0.07108568481543226
C,1,impulse_noise,5,0.2554,3.8068096130371094,0.5347372308641672,1.2053593349456788,0.611105835696205,0.6190012953902478,0.029900000000000038,,0.07703995755289407
C,3,contrast,4,0.7631,0.9902322254180909,0.15238612024188042,0.38266952805519105,0.2593501024711644,0.2576837375837553,0.016100000000000003,,0.0765377704407273
C,1,spatter,4,0.8476,0.6538800160884857,0.09646196157336236,0.251781950712204,0.17522169231318985,0.17357498627728202,0.0131,,0.07337582874085248
D1,5,gaussian_blur,5,0.4217,2.685703773498535,0.3809800238832831,0.9178240453720092,0.5737086316346307,0.651290560974041,0.06220000000000003,0.26524049197293936,0.18496724177020907
D1,5,spatter,5,0.7684,1.046238919687271,0.15418590320944786,0.3822271953225136,0.23140977902770973,0.2557556645182456,0.02070000000000005,0.1055570054315877,0.0520194426158227
C,5,spatter,5,0.7684,1.0639959460735322,0.154153440874815,0.38784105229377747,0.23774118801499136,0.23368248951447895,0.015700000000000047,,0.07332016813930463
D1,4,motion_blur,2,0.8462,0.6259035626411438,0.09666627447456122,0.24996603507995604,0.1704227097848314,0.19864988361608701,0.013700000000000045,0.08115477851275259,0.045615144477212245
A,5,gaussian_blur,3,0.7864,0.869128731918335,0.13091349256634713,0.342213827419281,0.2478537775030214,0.2478537775030214,,,
D1,4,snow,3,0.8421,0.6527774323940277,0.09917064900100231,0.2553708146572113,0.17854661353079138,0.21221001084258898,0.017900000000000027,0.08588854289626761,0.04641615077209633
A,3,zoom_blur,1,0.8798,0.459683231306076,0.06791782382577657,0.18869239444732666,0.15907282380943943,0.15907282380943943,,,
D1,2,gaussian_blur,5,0.3409,3.4331075065612793,0.5235466225400567,1.1287940000534058,0.4035786246322794,0.5078858164797013,0.043300000000000005,0.20049474422942828,0.12493694563887074
A,4,fog,5,0.7346,1.1165715669631957,0.16782057397216557,0.42421687507629396,0.2917030334480893,0.2917030334480893,,,
A,1,pixelate,2,0.8712,0.5214813513755798,0.0753727372020483,0.20391945040225984,0.16505031466959627,0.16505031466959627,,,
A,3,pixelate,4,0.6305,1.7744500822067262,0.26137738623321055,0.6071453073501587,0.31976089911923045,0.31976089911923045,,,
A,1,shot_noise,3,0.5381,2.245840844154358,0.3308845599368215,0.7618117190361023,0.38675829737153256,0.38675829737153256,,,
D1,3,spatter,3,0.8232,0.7188707783699035,0.11174601852297783,0.28156196255683896,0.1948827764534042,0.2399452705222764,0.02080000000000004,0.09550296024736891,0.05977656309771368
D1,1,contrast,3,0.8781,0.48890237274169923,0.0744036131605506,0.19748134331703185,0.14405495171140356,0.1805377244698553,0.012599999999999945,0.07174472244383238,0.04446809632961207
D1,5,snow,2,0.8104,0.7771356714248657,0.11839626433253288,0.30166602568626405,0.21322610678129714,0.2359012162154977,0.016000000000000014,0.09733125447230122,0.05541278496828378
D1,1,motion_blur,1,0.9138,0.3326052604675293,0.05243554015159607,0.13845791227817536,0.10603736931659077,0.130392718393814,0.007600000000000051,0.052220276272546474,0.03281306345751924
A,2,frost,1,0.9181,0.3204901432991028,0.043855035841464995,0.13081314573287964,0.11999182905021007,0.11999182905021007,,,
C,1,elastic_transform,1,0.9073,0.35099090404510497,0.051972772279381754,0.1466977560043335,0.12957773237760994,0.12971785582896847,0.007900000000000018,,0.07309588071973211
D1,4,zoom_blur,5,0.6403,1.5544659799575806,0.23799305811971427,0.5754370784759522,0.35920376081576105,0.4219482910927152,0.037900000000000045,0.17159541036907466,0.09523547309933751
D1,3,saturate,5,0.8909,0.4358872539520264,0.06775194110870361,0.17661313326358796,0.12706165020063054,0.15489482364039286,0.01200000000000001,0.06189013477355426,0.0402518160414398
D1,4,glass_blur,4,0.5164,2.1953329280853273,0.3243721895545721,0.7729102098464966,0.46668589875850014,0.5801776196605526,0.07479999999999998,0.23042579271350694,0.114449079853358
C,3,snow,5,0.7718,0.9856374139785766,0.14755106295049192,0.368385191822052,0.24428201985940687,0.24517628831085167,0.013700000000000045,,0.07405472983608032
A,5,pixelate,1,0.9331,0.2567892747282982,0.03492284676581621,0.10723782858848571,0.1001160893223394,0.1001160893223394,,,
D1,4,gaussian_noise,2,0.6563,1.540530704689026,0.23446686786413193,0.5610241786956787,0.322933644981368,0.3852610238782596,0.038900000000000046,0.1558111265124826,0.08520198086571705
A,2,snow,5,0.7838,0.8882951641082764,0.13243541651070118,0.34633818054199217,0.2545665456752933,0.2545665456752933,,,
A,3,motion_blur,1,0.9061,0.37388661127090456,0.05581477881669998,0.15197688026428222,0.11951298978623527,0.11951298978623527,,,
A,5,elastic_transform,2,0.9065,0.36547173538208005,0.05231827773153782,0.14967532572746278,0.12773177983133646,0.12773177983133646,,,
D1,2,elastic_transform,1,0.9039,0.37094989137649537,0.05888822669386864,0.15473227496147154,0.11308598077136557,0.13636144585003493,0.00880000000000003,0.054854386430885645,0.03512218093333347
C,3,impulse_noise,1,0.8294,0.7264779096603393,0.10788347330093384,0.27574613301754,0.18967790657129954,0.18931208625185827,0.012800000000000034,,0.07231072103358581
D1,5,glass_blur,4,0.4794,2.396996780014038,0.3498970663666725,0.831216833114624,0.499633411664897,0.5515835640167206,0.03810000000000002,0.22702270939867109,0.09978741162991007
D1,1,gaussian_noise,4,0.3103,3.9867798881530763,0.5696394427478313,1.2108950147628783,0.34653259167093786,0.4352395155448874,0.02980000000000005,0.17289191245689775,0.09934613811599924
A,2,motion_blur,1,0.9127,0.33350262970924377,0.04968590320050716,0.13925607354640962,0.11835970393893658,0.11835970393893658,,,
D1,1,jpeg_compression,3,0.793,0.8541796552658081,0.13355021064132452,0.33709284563064573,0.2206439218196785,0.28404377763068767,0.02070000000000005,0.11171927530323932,0.06782024490427603
C,2,impulse_noise,4,0.3547,2.8722784301757813,0.41056154709905385,0.9925620309829712,0.6851664739404688,0.6806473414805019,0.03920000000000001,,0.07893866759691288
C,2,elastic_transform,1,0.9059,0.3633726962924004,0.05522085125744343,0.15034615240097046,0.12245132826864137,0.12313042231242288,0.007900000000000018,,0.07041819092825025
A,1,glass_blur,1,0.5781,1.8470290161132812,0.26975663794875143,0.6705626340866089,0.4490734398367465,0.4490734398367465,,,
D1,2,defocus_blur,4,0.7934,0.8646920618057251,0.13977664417177438,0.34013389282226564,0.20002148725416047,0.2422268594226218,0.01859999999999995,0.09755427811395735,0.06283658613727726
C,1,zoom_blur,4,0.7491,0.9939213788032532,0.14761399472802877,0.3986734731674194,0.31562954651619074,0.3133514065663272,0.022399999999999975,,0.079055696507651
D1,4,glass_blur,2,0.625,1.6532871799468993,0.24669760919064285,0.5996095485687256,0.37789964375253765,0.4674618462495913,0.05389999999999995,0.18625923935946195,0.09643441202031973
A,5,motion_blur,3,0.75,1.0428202457427977,0.15784957686513662,0.40181985359191896,0.2776098200186563,0.2776098200186563,,,
A,5,saturate,1,0.9352,0.25619282603263854,0.035649162544310095,0.10501703574657441,0.0928806162721099,0.0928806162721099,,,
C,2,elastic_transform,3,0.8676,0.5199765955924988,0.07959523106664419,0.21169514904022216,0.16260715346555807,0.16245313260851543,0.00990000000000002,,0.0717862466074818
A,5,motion_blur,5,0.6589,1.4489290596008302,0.2192310362368822,0.5448873382568359,0.3623258568848745,0.3623258568848745,,,
A,3,motion_blur,4,0.7539,1.037963854408264,0.15223606551140548,0.39500734639167784,0.2799463848977466,0.2799463848977466,,,
D1,4,defocus_blur,1,0.9491,0.1978576704978943,0.03067880377471447,0.08172998905181884,0.0644637388587842,0.07347294327158306,0.0028000000000000247,0.03024100854101659,0.016781803716824393
A,3,brightness,1,0.9497,0.19762137398719787,0.02835751088410616,0.08118508639335632,0.07053608045123401,0.07053608045123401,,,
D1,2,brightness,4,0.9336,0.2679281900405884,0.04158515525758266,0.10969439587593079,0.07843808591205743,0.09539999126021284,0.005900000000000016,0.03824981979318836,0.024483616285144075
C,2,brightness,1,0.9504,0.192606019449234,0.029432870721817016,0.08001408199071884,0.06589178904422734,0.06639574238731875,0.0027000000000000357,,0.0681521746934391
D1,1,glass_blur,2,0.6075,1.7457729713439942,0.2733727553114295,0.6399082387924194,0.3536028880851518,0.4693398898037558,0.0474,0.18269472969581743,0.10431682621562743
A,3,shot_noise,4,0.4511,2.7597306137084963,0.4152840728983283,0.9241283920288086,0.3998789410551486,0.3998789410551486,,,
C,3,snow,1,0.8925,0.4512237584114075,0.0662911305859685,0.1749957224845886,0.12701852407940314,0.12760364184339995,0.009499999999999953,,0.07108570826342302
A,5,jpeg_compression,4,0.7686,0.9275606901168824,0.1361447661370039,0.36865065112113954,0.2877784111109504,0.2877784111109504,,,
A,4,impulse_noise,3,0.5779,1.8741730295181274,0.2701397839218378,0.6710813257217407,0.45493125643349774,0.45493125643349774,,,
A,1,spatter,3,0.8261,0.707502089214325,0.10253171603530645,0.27737824034690856,0.21914687465908936,0.21914687465908936,,,
A,4,gaussian_noise,5,0.2516,3.998674932861328,0.5872253764629364,1.269594722366333,0.47440144328752065,0.47440144328752065,,,
C,5,fog,5,0.6969,1.3321561054229736,0.2074357061520219,0.49401499314308167,0.28889541028878885,0.2861046103658213,0.016100000000000003,,0.07701373809278841
D1,5,jpeg_compression,2,0.8122,0.7539324514389039,0.11528493413478136,0.30174473538398744,0.21749700210187584,0.24236957251422572,0.01429999999999998,0.0996772850273051,0.061875152956723294
A,5,gaussian_noise,4,0.3139,3.7249139938354494,0.5176874490275979,1.142973304748535,0.47917289401618035,0.47917289401618035,,,
D1,5,gaussian_noise,4,0.3257,3.704879328918457,0.53292559838593,1.1529462915420532,0.4051271738584328,0.4550511013182724,0.03180000000000005,0.1855000173208995,0.1339880930523625
A,5,saturate,2,0.9101,0.3509087394714355,0.051038585859537126,0.14298084197044372,0.1221051939879806,0.1221051939879806,,,
D1,1,spatter,5,0.7605,1.1153574827671051,0.17296574814617635,0.4023545269012451,0.20004350061484874,0.2561964946522909,0.02090000000000003,0.10115653882320064,0.056119696183358936
D1,3,pixelate,4,0.6718,1.570482988166809,0.23996201501488684,0.548235461807251,0.26277485314625665,0.3198033114017453,0.03969999999999996,0.12824386899217596,0.07206156210446475
A,1,fog,5,0.7257,1.1617075811386108,0.17504183609485627,0.44360707378387454,0.29672666627762956,0.29672666627762956,,,
A,1,impulse_noise,2,0.6495,1.6765510900497436,0.23936445417255164,0.5774557126998902,0.33420307607249417,0.33420307607249417,,,
A,4,gaussian_noise,2,0.5599,1.9970927532196046,0.3101263773307204,0.7252989869117736,0.38363629627043266,0.38363629627043266,,,
D1,4,motion_blur,3,0.7571,1.0176379213333129,0.1632838266417384,0.3953517008781433,0.23923502070299582,0.2818394503403921,0.02510000000000001,0.11460652404995442,0.06435136428227539
C,3,jpeg_compression,2,0.816,0.7324835996627808,0.11062626120597124,0.2917418498516083,0.22066417484441772,0.22124041316988877,0.016000000000000014,,0.07366018915252452
A,3,glass_blur,4,0.4831,2.398131657409668,0.3540130204439163,0.8318845103263856,0.4796225707915961,0.4796225707915961,,,
A,1,frost,3,0.7683,0.9627057594299316,0.141170543910563,0.3653214903831482,0.2703665084817912,0.2703665084817912,,,
C,5,zoom_blur,1,0.8828,0.456522510433197,0.06603377042710781,0.18762350769042968,0.15636010274548318,0.15773426626736473,0.00990000000000002,,0.07307311727394598
A,1,contrast,2,0.9121,0.34324263548851014,0.05267646114230156,0.1410466858625412,0.1100254261497059,0.1100254261497059,,,
C,5,speckle_noise,4,0.4916,2.5617546279907226,0.3658589871257544,0.8377706874847413,0.4155982080459857,0.41537863214866666,0.026800000000000046,,0.07545968876709332
A,5,glass_blur,2,0.6138,1.7206527181625366,0.24693401419222355,0.6166354800224304,0.4113242595700256,0.4113242595700256,,,
D1,3,brightness,3,0.9418,0.22452232403755187,0.03410328815430403,0.09444888631105423,0.07684155766141047,0.09176168067264516,0.005700000000000038,0.036975955520115046,0.025087343366692407
C,1,zoom_blur,3,0.8095,0.7354429009914398,0.10637898353338242,0.30180887899398806,0.2585332601595903,0.25754558259129406,0.016599999999999948,,0.07736124232179237
C,1,speckle_noise,3,0.6596,1.5452683128356934,0.2254884410202503,0.5461014194488525,0.34016413591972666,0.3417976700848783,0.01859999999999995,,0.07551678434612125
A,4,jpeg_compression,3,0.7915,0.8217996581077576,0.12489235492944717,0.3307342554569244,0.25157271550624866,0.25157271550624866,,,
C,1,defocus_blur,5,0.5693,1.657031655883789,0.247416478587687,0.6574016870498657,0.5499457934972365,0.5382968967599445,0.037799999999999945,,0.08629858287572678
C,5,glass_blur,1,0.5827,1.865260865020752,0.27691589024811986,0.6696739782333374,0.41963620133837104,0.41839763499900584,0.02529999999999999,,0.07792930403189614
D1,1,snow,5,0.7818,0.9407407865524292,0.14654821533858775,0.3595122061729431,0.2182950297605392,0.2829056908846047,0.022499999999999964,0.11104806041890065,0.06484073455186869
A,2,jpeg_compression,4,0.7717,0.9052036642074585,0.13512502774000168,0.36006426453590396,0.28309750849501,0.28309750849501,,,
D1,1,shot_noise,2,0.7812,0.9689301829338074,0.15028597095757723,0.3616880091190338,0.20528961912201485,0.25962733399572024,0.019499999999999962,0.10303601825979276,0.06097287712503375
C,1,spatter,3,0.823,0.7152089078903199,0.10722920979261398,0.2799033537864685,0.2157260999399703,0.21306803910975577,0.01419999999999999,,0.07447568857872242
A,5,defocus_blur,3,0.8918,0.42457249193191526,0.06152645505964756,0.17431835279464722,0.1418951675478602,0.1418951675478602,,,
D1,3,speckle_noise,1,0.8767,0.5141455823764205,0.07725355688929558,0.20025763245373965,0.14024597341719783,0.16899595232360298,0.013599999999999945,0.06794345679226342,0.04554282499913481
C,1,jpeg_compression,4,0.7753,0.9030130241394043,0.13203000408709048,0.35912234077453614,0.281854533400957,0.28058805955624266,0.019299999999999984,,0.0769097395243924
D1,4,snow,1,0.9008,0.4035362271308899,0.06171807092130184,0.1617428636074066,0.11634150979867554,0.13726522982644965,0.010099999999999998,0.055686444189584294,0.030161299525008577
A,4,defocus_blur,5,0.5412,1.987163624572754,0.2986821397855878,0.7306387399673462,0.4669919350090524,0.4669919350090524,,,
C,5,impulse_noise,3,0.5417,2.051879334449768,0.2945358834117651,0.7251816736221314,0.4857006470435532,0.47442408758559906,0.03869999999999996,,0.07712811368401233
A,2,jpeg_compression,5,0.7289,1.0859982474327088,0.16157760790735484,0.4268563488483429,0.3299025259735441,0.3299025259735441,,,
A,4,pixelate,2,0.8814,0.46372902913093567,0.06798797528743744,0.18768351942300796,0.15720315614236607,0.15720315614236607,,,
A,3,speckle_noise,1,0.868,0.5268105082988739,0.0787095367923379,0.21200862760543823,0.16322701709280663,0.16322701709280663,,,
C,5,defocus_blur,5,0.5603,1.856981404876709,0.2827796045482159,0.6948117519378663,0.47165714887405047,0.465602576048841,0.027200000000000002,,0.08201722855860259
A,3,motion_blur,5,0.6619,1.4450532724380494,0.21889214436262847,0.5400343995094299,0.35259931774854486,0.35259931774854486,,,
D1,5,speckle_noise,5,0.4094,3.0442220695495608,0.44229314998686314,0.9799715970993041,0.42989039984852423,0.48630764383479835,0.034399999999999986,0.19744862788055687,0.1341169060098072
C,3,pixelate,1,0.9286,0.2819050214290619,0.041421693041920664,0.11500666682720184,0.09618941206769377,0.09673660968296753,0.005199999999999982,,0.07018418204843034
D1,4,fog,5,0.7416,1.1544859038352966,0.1804637253701687,0.4315041736602783,0.2315743487766129,0.2757720319694025,0.02300000000000002,0.1116844750378475,0.06294588629424992
A,1,impulse_noise,3,0.5375,2.2062569770812988,0.3117103643283248,0.742575729560852,0.4485786059575563,0.4485786059575563,,,
D1,1,jpeg_compression,2,0.8113,0.7521153192520141,0.1221411559522152,0.3028347927093506,0.19986391368398035,0.2567177013171662,0.020100000000000007,0.10110367920627517,0.061772540651720054
A,2,spatter,5,0.7574,1.096780836868286,0.16236791749447585,0.4010297396659851,0.24563418316241004,0.24563418316241004,,,
A,1,snow,1,0.897,0.4109649571418762,0.060222001288831234,0.16663951814174652,0.13296901631052024,0.13296901631052024,,,
A,4,snow,5,0.7626,0.989683848285675,0.14587628169059755,0.37732447719573975,0.27549714165442274,0.27549714165442274,,,
D1,2,contrast,4,0.7686,0.9524728315353393,0.15568595927655696,0.3773456105709076,0.2288698505164706,0.28905443851724266,0.026100000000000012,0.11415129703230341,0.06819845295011832
D1,2,contrast,1,0.9436,0.22245273761749268,0.03564890725910664,0.09331099231243134,0.06630655118418508,0.07976592235244462,0.0042999999999999705,0.032166030519250974,0.020707051870706993
D1,5,shot_noise,4,0.4721,2.6251686588287355,0.3903435503512621,0.8808270334243774,0.39716935378837515,0.4433359556580108,0.035599999999999965,0.18150971844872354,0.12274625630855251
D1,2,speckle_noise,5,0.4113,3.145557556152344,0.4356930270165205,0.9752802837371826,0.43866048914095446,0.5474490611080226,0.0464,0.21669998977597618,0.12330891310876753
D1,1,jpeg_compression,4,0.7693,0.9577543373107911,0.14952562655806542,0.37451348905563353,0.24162587465240795,0.31208744466659266,0.0232,0.12254125429012201,0.07454878122032627
A,1,defocus_blur,4,0.8068,0.7530806746959686,0.11529945044666529,0.3083634994029999,0.2400086120310589,0.2400086120310589,,,
A,5,pixelate,2,0.8844,0.4379271561145782,0.061856398785114286,0.17962537939548492,0.1640344643246688,0.1640344643246688,,,
A,2,snow,4,0.8216,0.7209042913436889,0.10868098531514406,0.28464658193588255,0.21550506663944835,0.21550506663944835,,,
A,4,gaussian_noise,1,0.7707,0.9237617235183716,0.1428867403447628,0.3628357281446457,0.2544219152774851,0.2544219152774851,,,
D1,1,contrast,4,0.7807,0.8815865653991699,0.1367455380618572,0.35015026092529294,0.24471708447451093,0.3129207111412441,0.024599999999999955,0.12328964892570075,0.07691689172430828
A,2,gaussian_noise,3,0.3813,3.3257768100738527,0.487145294547081,1.0634207820892334,0.3880683685653319,0.3880683685653319,,,
D1,5,shot_noise,5,0.3492,3.4780554336547853,0.4988240952864289,1.0950731002807617,0.43495634863471205,0.4897391464082844,0.036599999999999966,0.19939516084696227,0.14107461678026997
A,3,fog,1,0.9481,0.20399329347610473,0.028848729276657104,0.08327767291069031,0.07330271652059746,0.07330271652059746,,,
D1,4,pixelate,1,0.9291,0.2716803471088409,0.042474605031311514,0.11426488337516785,0.09209722036774619,0.1077247192799463,0.007299999999999973,0.04391379345592771,0.023758658210765216
A,1,contrast,4,0.7755,0.8991517551422119,0.13749500450342894,0.35830787386894225,0.26470618574433613,0.26470618574433613,,,
A,4,snow,2,0.8088,0.7904564346313476,0.11483289023935794,0.3039819095611572,0.23255438412778895,0.23255438412778895,,,
C,5,zoom_blur,2,0.8506,0.5785633822441101,0.08540418379306793,0.23703741993904115,0.19261767678218894,0.19448050880949594,0.0121,,0.07438775882389832
C,1,brightness,3,0.9422,0.22319723587036133,0.032471821215748785,0.09283571016788483,0.08115573872682144,0.08209964018555765,0.006399999999999961,,0.07096931911877462
D1,3,jpeg_compression,3,0.7952,0.8353159381866455,0.13366866128742694,0.3301967498779297,0.21398794015105232,0.2623579087561055,0.01959999999999995,0.10455150140136345,0.06902075765668535
A,2,defocus_blur,1,0.9509,0.1898772138118744,0.02775144120156765,0.07969310534000397,0.06984239532498905,0.06984239532498905,,,
D1,1,saturate,4,0.9258,0.29342169227600096,0.04579696761071682,0.12126443281173706,0.08934935723586532,0.11057755023522477,0.006000000000000005,0.044171398673587825,0.02701590793287231
D1,3,gaussian_blur,3,0.7974,0.8393840145111084,0.13679475708603858,0.3327935097694397,0.19729150944434806,0.23310790968720102,0.016000000000000014,0.09441600356993052,0.0657675712492351
A,3,elastic_transform,4,0.799,0.7999846437454223,0.1182590809121728,0.3187178376674652,0.24635336195258714,0.24635336195258714,,,
C,1,shot_noise,1,0.8613,0.5671717977523804,0.08143442744016648,0.2232243172287941,0.17434847334193765,0.17440670314744347,0.01100000000000001,,0.07274101147386021
D1,1,spatter,2,0.86,0.5859042618751525,0.09219354428648949,0.22838886704444886,0.14804869166352727,0.18998119296889926,0.01429999999999998,0.07492504012541806,0.043122214694430554
A,1,jpeg_compression,3,0.7913,0.8369937107086182,0.12419229176789522,0.333501487493515,0.2543591435556591,0.2543591435556591,,,
A,1,speckle_noise,5,0.3935,3.16806357421875,0.4361743049517274,0.9926952283859253,0.4912590959229972,0.4912590959229972,,,
A,1,jpeg_compression,5,0.7202,1.1389116365432739,0.17431389466673136,0.4456324188709259,0.32042797383542054,0.32042797383542054,,,
A,1,fog,2,0.9353,0.24573461312353612,0.03819048918783665,0.10316552850678563,0.08562185244633001,0.08562185244633001,,,
C,5,spatter,1,0.9264,0.2949168001651764,0.04254555014371872,0.11968712997436523,0.09838511584646767,0.09883826284379757,0.006299999999999972,,0.07047097237060918
A,5,gaussian_noise,1,0.7989,0.8272454689979554,0.12421730329990387,0.3203053328514099,0.2285499913209438,0.2285499913209438,,,
A,4,frost,1,0.9089,0.35883953032493593,0.049518476048111916,0.14536859080791473,0.12762880976732557,0.12762880976732557,,,
D1,5,brightness,1,0.9539,0.18945117325782776,0.027003513991832734,0.07637545558214187,0.06386650097898965,0.06983981792816485,0.0021999999999999797,0.029064362315213418,0.018887847417231467
D1,4,saturate,1,0.932,0.2662346423149109,0.04108145986199379,0.10987108738422394,0.08445678787833895,0.09711238146926916,0.0047000000000000375,0.03983511872104379,0.02215089221189411
A,3,motion_blur,3,0.7506,1.0367249076843261,0.15734057058095932,0.39851995191574097,0.27573282962606466,0.27573282962606466,,,
A,4,jpeg_compression,5,0.7235,1.1225330846786499,0.17098305228948593,0.43800001974105834,0.3174488769949414,0.3174488769949414,,,
A,2,snow,2,0.8217,0.7280380075454712,0.10600917330831289,0.2831642412662506,0.22092388907133137,0.22092388907133137,,,
C,5,elastic_transform,4,0.7885,0.8715820781707764,0.1331988616809249,0.3393432631492615,0.23582472259180504,0.23650880713983205,0.015599999999999947,,0.07490172110096834
D1,3,gaussian_blur,2,0.8917,0.43006591835021973,0.06900322398543358,0.17725741510391235,0.1201208478315908,0.14027459978222032,0.008399999999999963,0.057118494573705055,0.03949861962016505
C,2,gaussian_noise,4,0.2297,4.974214537811279,0.6631450570479035,1.3863169759750367,0.31598692698144876,0.3259458536288119,0.014599999999999946,,0.07239624816600983
D1,1,jpeg_compression,5,0.727,1.1480414501190186,0.17987813822478055,0.4432305430412293,0.2765187487752526,0.35965972347283387,0.02959999999999996,0.1408971626275316,0.08507272079827627
D1,5,elastic_transform,5,0.7537,0.9796693965911866,0.14542663703411818,0.39092421140670774,0.3008819835082395,0.32910329369987595,0.0252,0.13671238866766602,0.08497900292015824
C,5,shot_noise,1,0.869,0.5300349860846997,0.07802151621282101,0.21087717758715152,0.15979078996718163,0.1603003478216444,0.00990000000000002,,0.07178188446829693
C,1,contrast,3,0.8817,0.4807895701408386,0.07011584019362926,0.19436549453735352,0.1508559540756076,0.1518720970783572,0.010000000000000009,,0.07388339006917893
D1,1,fog,1,0.9504,0.19840671904087068,0.029546435087919234,0.08220830903053283,0.06647483425646351,0.08125417159925273,0.0033999999999999586,0.03261903651537529,0.020215902677073204
A,3,snow,3,0.8384,0.6563682419776916,0.09514804468303918,0.25627339000701904,0.20322827322439843,0.20322827322439843,,,
A,1,elastic_transform,3,0.872,0.4886344995260239,0.07287690757364035,0.20485841380357742,0.17012350604868842,0.17012350604868842,,,
C,2,pixelate,3,0.8192,0.7277074914932251,0.11009804101139307,0.2831471944332123,0.21412554974388914,0.21452788898358122,0.01319999999999999,,0.07186668705251692
D1,2,spatter,3,0.8302,0.7048042506217956,0.10757644665241241,0.27519669466018676,0.18731749405061127,0.23712681937880697,0.01970000000000005,0.09357185527021648,0.057644020038202536
C,3,shot_noise,2,0.78,0.9504560147285461,0.1458460995018482,0.35656235086917876,0.22131361263991567,0.22462009345595144,0.013000000000000012,,0.07273975178192396
A,5,brightness,2,0.9512,0.19546738636493682,0.02614087478220463,0.08016228330135346,0.07336172976054077,0.07336172976054077,,,
C,2,shot_noise,5,0.2496,4.588928845977783,0.6257184769332409,1.3232714277267457,0.36347553581863173,0.3742199153281603,0.019100000000000006,,0.07353405474590248
D1,1,brightness,4,0.936,0.2520030028343201,0.03886707854270935,0.1046733722448349,0.08086866079306929,0.10039149062221113,0.006000000000000005,0.04003075621386342,0.02472114469360512
D1,5,contrast,4,0.773,0.9340267833709717,0.145879041659832,0.36551466188430787,0.2430542336213577,0.2703166340657102,0.021199999999999997,0.11140186361532008,0.06702758303070785
D1,1,fog,5,0.7442,1.0582540578842163,0.16313389727771282,0.40364881620407106,0.2748340478094906,0.3531990694393666,0.029100000000000015,0.13890790380012233,0.08721918068236917
D1,1,saturate,2,0.9084,0.3598643795967102,0.05707685344815254,0.14714160225391387,0.10718167082005238,0.13393907085916434,0.007000000000000006,0.053256229156717495,0.03296384852074754
D1,2,frost,4,0.7622,1.0702441528320312,0.15904140437096356,0.3918223407506943,0.23654208065508575,0.29966009284215545,0.026000000000000023,0.11833260538295702,0.07090136014654638
D1,1,glass_blur,3,0.634,1.6148084453582763,0.2526937786281109,0.5947000982284546,0.33629573846397687,0.44224566878393523,0.03990000000000005,0.17261816729505952,0.10036459583392754
A,3,jpeg_compression,1,0.8679,0.5289532257080078,0.0783133481785655,0.21168051929473877,0.1637586165602377,0.1637586165602377,,,
D1,1,snow,2,0.8159,0.777232262802124,0.12188585216403007,0.29983769664764404,0.1899979942140868,0.24678840142319095,0.017900000000000027,0.09676301386759635,0.05686053185350432
A,3,frost,4,0.7658,0.9968370392799377,0.14450941832959652,0.37451670060157777,0.27084142034656544,0.27084142034656544,,,
C,5,brightness,2,0.946,0.21098913166522978,0.03219868381023407,0.08755203711986542,0.07093589569582255,0.07117686481471901,0.0041999999999999815,,0.06966708482402079
C,3,pixelate,5,0.488,2.7248844362258913,0.37799263426810503,0.8552428557872772,0.3895383742648992,0.3921092536147335,0.026100000000000012,,0.07356002741874355
D1,4,contrast,4,0.7675,0.9666230634689331,0.15787827311754227,0.3806928894996643,0.2225699488519109,0.2660482138679654,0.021599999999999953,0.10744620365772668,0.0602765386790868
D1,2,glass_blur,4,0.5006,2.344367761230469,0.3469971190348268,0.8113356716156006,0.4405805859949789,0.5639869889308174,0.061000000000000054,0.22122153436744021,0.12723396476195065
A,2,fog,3,0.9229,0.3045881598472595,0.04463211335837841,0.1240263822555542,0.10208565254841233,0.10208565254841233,,,
A,3,pixelate,5,0.4408,3.082800001144409,0.43281454311311246,0.9476426420211792,0.3661783309704391,0.3661783309704391,,,
A,1,pixelate,4,0.645,1.7060634632110596,0.2507382193461061,0.5889681413650513,0.3099569234358089,0.3099569234358089,,,
C,3,zoom_blur,1,0.8881,0.43005031642913816,0.06540623571276664,0.17803307881355285,0.14540470398981123,0.1475840520019032,0.00990000000000002,,0.07275563248640383
D1,4,impulse_noise,1,0.8165,0.798307475566864,0.12066412603259087,0.30070010516643525,0.19248240517963422,0.2306751430578006,0.021700000000000053,0.09311526226950324,0.0469679905937501
C,2,fog,2,0.9376,0.24765748918652533,0.03625777944624424,0.10158571450412274,0.08342846247314592,0.08411422957599861,0.005499999999999949,,0.06898946784353437
A,2,zoom_blur,3,0.8213,0.7003738176345825,0.10231667298674584,0.28311723568439484,0.23539335502642206,0.23539335502642206,,,
C,2,saturate,2,0.9111,0.3527808620452881,0.051437775322794914,0.1435588761806488,0.11618829205647344,0.1158884638895368,0.007299999999999973,,0.06973826225558327
A,1,elastic_transform,4,0.8125,0.7500156995773315,0.1106418184235692,0.2992906880378723,0.23467030974581138,0.23467030974581138,,,
A,5,frost,2,0.8653,0.5477097610473632,0.07867236328423023,0.21457970805168153,0.17020645373383886,0.17020645373383886,,,
C,1,fog,3,0.9218,0.301111074924469,0.04490296204090118,0.12655378334522246,0.10614456781652552,0.106524357429042,0.007299999999999973,,0.0723652087701772
C,5,contrast,4,0.7423,1.1118765649795532,0.17030981485843658,0.41895986766815185,0.26323388326760033,0.26149307055414245,0.018199999999999994,,0.07632897031358693
A,5,pixelate,3,0.839,0.6285268221855164,0.09262682870328426,0.2531860130786896,0.20743811703424436,0.20743811703424436,,,
D1,1,saturate,1,0.9314,0.2707457018852234,0.04231123622059822,0.11236123703718186,0.08492569555185328,0.10468922444917844,0.005800000000000027,0.041877035299791164,0.026023374211741678
D1,2,saturate,5,0.8923,0.4408079976797104,0.06782511519789695,0.17492054353952408,0.12273746253232239,0.15274996998854332,0.012700000000000045,0.060713108297495634,0.03760754826889875
A,2,fog,5,0.7458,1.0527653430938722,0.16185563174933196,0.4061901469707489,0.2795002219813759,0.2795002219813759,,,
A,1,spatter,4,0.8418,0.6834921300411224,0.10435706310272216,0.2577877774775028,0.1634624135183578,0.1634624135183578,,,
D1,1,snow,1,0.9004,0.4009971324920654,0.062260133427381514,0.16281025149822234,0.11560026098285307,0.14521854235854406,0.01090000000000002,0.057669377237277754,0.03457168541640813
C,5,snow,1,0.9032,0.3947553458213806,0.05712567073702812,0.15623872299194336,0.12260977624375373,0.12325350641169353,0.007600000000000051,,0.07124710362256056
C,5,elastic_transform,5,0.7435,1.056598591041565,0.15921476187556982,0.41111891460418704,0.292279629706312,0.29291829801444547,0.019299999999999984,,0.07597614152886246
D1,1,snow,3,0.8447,0.640312158203125,0.09843709636926651,0.2509275410652161,0.17400938970975693,0.22582958213059465,0.01649999999999996,0.08859506801075961,0.05221151722470004
A,3,glass_blur,2,0.6064,1.7060211399078369,0.2548428913891315,0.6241378452301025,0.4111643434631755,0.4111643434631755,,,
D1,4,saturate,5,0.8832,0.465567688369751,0.07432522857785225,0.1888100694179535,0.13054185470782687,0.1545749027176731,0.012499999999999956,0.06273035277558763,0.03317130563607347
A,5,jpeg_compression,2,0.8151,0.7209780352592469,0.10826154519170522,0.292559245300293,0.2333269172582135,0.2333269172582135,,,
A,4,frost,4,0.7376,1.1080198139190673,0.16178382136672737,0.4155402264118195,0.30216785774222515,0.30216785774222515,,,
C,2,zoom_blur,5,0.6526,1.5128040754318237,0.22726324718147517,0.5634314939498901,0.362522661727079,0.3577728810892499,0.023399999999999976,,0.07772731153434939
C,5,gaussian_noise,3,0.3555,3.4938331642150877,0.5009880794778466,1.0940821044921876,0.4125763861780346,0.4163997351600556,0.028200000000000003,,0.07596809466130043
C,5,elastic_transform,2,0.8998,0.4016667528152466,0.060398046810925005,0.16261241030693055,0.12647774517940125,0.12759767383271245,0.007800000000000029,,0.07207213277655557
D1,2,motion_blur,2,0.8412,0.6710137221336365,0.10233673939406872,0.2641003466129303,0.16897115192690398,0.20461709253676819,0.01639999999999997,0.08229055120509195,0.05268281702519049
C,3,spatter,1,0.9191,0.33447227001190183,0.048113792015612125,0.13364405746459962,0.1052543472213205,0.10603030280278472,0.00649999999999995,,0.07048603439734076
C,3,gaussian_noise,4,0.3405,3.689258224487305,0.5146154527276754,1.1210881576538085,0.41301979519380255,0.42031683726764457,0.026800000000000046,,0.07519111491704364
C,1,shot_noise,4,0.4662,2.5981641647338867,0.37492685799747705,0.8657849250793457,0.4590824102721759,0.46506712500678843,0.021100000000000008,,0.077168666256733
C,5,contrast,2,0.9022,0.40782884731292723,0.06128956153690815,0.16356078610420227,0.11348145220310543,0.11470240483091329,0.007099999999999995,,0.07149814817215171
D1,2,contrast,2,0.9121,0.3493152708053589,0.05555366606116295,0.14334536652565003,0.0980723005103675,0.11892051981340337,0.009499999999999953,0.0477545522022386,0.03017635387391063
D1,4,impulse_noise,4,0.4098,2.9157066120147705,0.4175813852623105,0.9604229286193847,0.5135952366297948,0.63180897924499,0.09089999999999998,0.2519465088071612,0.11606577331077811
D1,3,frost,1,0.9125,0.3403598466396332,0.05267105174064636,0.13980195195674897,0.10900805233514985,0.13247996102436446,0.009399999999999964,0.0530320997685485,0.03577325120029693
A,1,frost,4,0.7522,1.044772957611084,0.15303801428377628,0.3922733497142792,0.28488272833453376,0.28488272833453376,,,
A,3,shot_noise,3,0.5356,2.2849794799804686,0.34448894137591124,0.7855149758338928,0.35784338468922067,0.35784338468922067,,,
C,3,elastic_transform,4,0.803,0.7875191093444824,0.12169432085156441,0.31521250047683713,0.23092238926559222,0.232155969191459,0.016900000000000026,,0.07496936047751208
C,5,impulse_noise,4,0.3075,3.602959257507324,0.5017158453404903,1.1405709171295166,0.5610544228640618,0.537850690006325,0.0383,,0.07609324532401213
C,2,gaussian_blur,1,0.9476,0.19945396852493286,0.031631224963068964,0.08293550699353218,0.06719244526760013,0.0676475426184712,0.0046000000000000485,,0.06827154882164028
C,3,impulse_noise,2,0.703,1.2857763092041015,0.19100066966563464,0.4737469692707062,0.31594283315745997,0.312900243500201,0.02290000000000003,,0.07464919314089576
A,2,impulse_noise,5,0.2512,3.5745181991577146,0.507137661972642,1.1762566774368286,0.7115889080981724,0.7115889080981724,,,
D1,5,gaussian_noise,1,0.7966,0.854149512386322,0.12918789006173612,0.32829033060073853,0.21796749604670912,0.23798875715645845,0.018900000000000028,0.0989181477799318,0.06459473309441886
C,3,contrast,1,0.9446,0.22011631631851197,0.0316273708820343,0.08895588233470916,0.07587579301556106,0.07725146923693246,0.00539999999999996,,0.0697554283665171
A,4,contrast,4,0.7563,1.001131303024292,0.1507656205072999,0.39146514582633973,0.27717802833787575,0.27717802833787575,,,
A,1,zoom_blur,2,0.8637,0.5226429322481155,0.07706510749161244,0.21711049114465714,0.18482768202134175,0.18482768202134175,,,
A,1,pixelate,3,0.8264,0.7200895671844483,0.10329410854130984,0.2771928557395935,0.21373985743917293,0.21373985743917293,,,
C,1,pixelate,1,0.9307,0.26139464511871335,0.03593773141354322,0.10901771793365478,0.10659755890344969,0.10722165427973086,0.007199999999999984,,0.07176549452299757
C,1,glass_blur,1,0.6046,1.7830617311477661,0.25248662424236534,0.6341902637481689,0.42988967558734004,0.42454071235684676,0.026699999999999946,,0.07734687693588559
D1,4,jpeg_compression,3,0.7919,0.8543384033203125,0.13293346750587226,0.33741002750396726,0.2239435266326589,0.26683989326080193,0.020399999999999974,0.10787925148868914,0.05973869949933213
C,1,impulse_noise,3,0.573,1.9107924655914306,0.2725841842904687,0.6708802854537964,0.46165196964928185,0.4565382373645203,0.03710000000000002,,0.07797029051704721
D1,4,speckle_noise,1,0.8747,0.5050266283988952,0.07860880785286427,0.2010117164835334,0.1420734823446779,0.16595504220934817,0.012199999999999989,0.06772313685533154,0.03738964004687349
C,3,fog,3,0.9178,0.32759885864257815,0.0492976216584444,0.13144027156829835,0.10283655383120058,0.10411037055217894,0.006099999999999994,,0.07108645833731211
D1,5,elastic_transform,3,0.8687,0.49669675922393797,0.07672620579004288,0.2075011727809906,0.1636620158018981,0.1782939938329917,0.010000000000000009,0.07423198628663523,0.0500381254364024
D1,2,fog,2,0.9345,0.2522602395057678,0.04138433266878128,0.10608478343486785,0.07600065747336485,0.09136700795057695,0.0050000000000000044,0.036821929857116874,0.023502642217242495
C,2,contrast,5,0.3247,2.939805687332153,0.4374349931150675,1.0423289291381836,0.7002069814091898,0.6672835681056255,0.05449999999999999,,0.08705699788458536
C,3,frost,3,0.7763,0.9634994663238525,0.13815184500515462,0.3564089433670044,0.2556097393106378,0.25695323779407775,0.015599999999999947,,0.07371577834823066
D1,1,spatter,1,0.9237,0.30542713479995726,0.04610219601392746,0.12571975680589675,0.09494209009223704,0.11809818895061472,0.007099999999999995,0.04707269850326362,0.02850268590684989
D1,5,pixelate,5,0.4507,3.0347496549606325,0.42601504683941605,0.9355282124519348,0.3541775287093129,0.37217974355420447,0.033399999999999985,0.15805213916544744,0.03713746606910008
D1,2,jpeg_compression,4,0.767,0.967206051826477,0.15433279590904714,0.3804778504371643,0.2354795238588704,0.29566312907163517,0.027599999999999958,0.11703798246231066,0.07260600962693885
D1,3,motion_blur,4,0.7445,1.0903304719924927,0.17374017960727214,0.41378126907348634,0.24078654755785828,0.290180974322377,0.024399999999999977,0.11639480382206287,0.07945779765781152
C,5,pixelate,2,0.8859,0.4478044309139252,0.06533609272837639,0.17875677704811097,0.14818788426934917,0.14885474073700608,0.010099999999999998,,0.07158657136912756
C,3,brightness,4,0.935,0.26129715270996096,0.0371823133289814,0.10539301786422729,0.08934279004786222,0.09062884315723495,0.00539999999999996,,0.07017536563978997
C,3,impulse_noise,3,0.6042,1.734945569229126,0.2549696451619268,0.6247171993255616,0.4183436094214907,0.41169395720651375,0.02980000000000005,,0.07652879563488585
D1,4,shot_noise,3,0.6259,1.739213409614563,0.24915608449429275,0.6069215579032898,0.36297342607940664,0.4360429174296267,0.04530000000000001,0.17578885463682914,0.09455657201287815
D1,5,snow,5,0.7718,0.9592212734222412,0.14380536334365607,0.366058686542511,0.25043299703346855,0.2764733649296162,0.01849999999999996,0.11426091651968018,0.06657469029173955
D1,5,shot_noise,2,0.7806,0.9412674561977387,0.14117696585953235,0.357248023891449,0.22884996082248543,0.25135821235046896,0.021299999999999986,0.10415830044643638,0.06859685205191646
D1,5,frost,2,0.8606,0.5637138978958129,0.08636490643918514,0.22441500663757324,0.16300515757676332,0.18011716818637505,0.010499999999999954,0.07437456982233755,0.04638929208898706
D1,3,defocus_blur,1,0.9495,0.19074410002231598,0.029245726549625397,0.08118519192934036,0.06645433521367086,0.07784980768550304,0.005199999999999982,0.03162673211958924,0.021521811348010445
A,3,gaussian_noise,2,0.5704,2.102056982421875,0.3168096134662628,0.7283359851837158,0.33417842397483766,0.33417842397483766,,,
D1,4,impulse_noise,3,0.5486,2.1701543796539307,0.3183296048328281,0.7328843952178955,0.3958363583720813,0.4790675167261099,0.06399999999999995,0.19236359271706413,0.089394840022336
D1,4,glass_blur,3,0.6528,1.5053666107177734,0.226718887026608,0.560751354598999,0.3543268354251748,0.4356065619359026,0.047599999999999976,0.17405618347837493,0.09276591300864863
A,4,brightness,2,0.9458,0.20041934398412706,0.030464191302657127,0.08593825876712799,0.07469392837219639,0.07469392837219639,,,
C,2,impulse_noise,5,0.1957,4.041285995483398,0.570448839892447,1.2825777519226074,0.6610950944698533,0.6581136965025333,0.03059999999999996,,0.07821206430611388
A,5,glass_blur,1,0.5962,1.7920783405303955,0.2624446992263198,0.6386639183044434,0.41870011874100893,0.41870011874100893,,,
C,1,gaussian_noise,5,0.277,3.92648737487793,0.5509085966080427,1.2074958572387695,0.49272184200827035,0.5017482716540166,0.016900000000000026,,0.07747851849485231
D1,4,gaussian_noise,3,0.4886,2.398827408218384,0.35222459575384857,0.8257089037895202,0.45866592662329786,0.5515038272976294,0.05700000000000005,0.22199411165903635,0.11914911548975514
D1,5,impulse_noise,4,0.3474,3.3615814010620118,0.46689881367981434,1.0646135808944701,0.5278041875757422,0.5772151634864771,0.04830000000000001,0.23867267096072806,0.09619469672920504
D1,4,speckle_noise,5,0.4829,2.549015674972534,0.34706087385565043,0.8251814589500427,0.4872920533214405,0.5966892649453075,0.05889999999999995,0.23864756552614463,0.12388751318196188
C,5,glass_blur,5,0.5099,2.2492737609863283,0.3298319528803229,0.7838984893798828,0.47866917240346085,0.4763312019737612,0.03200000000000003,,0.0793975915595152
D1,5,gaussian_noise,3,0.3973,3.1375711185455324,0.46612567316889764,1.0216545780181885,0.3947372567830316,0.441638076494023,0.03490000000000004,0.1804367459554371,0.1255970099263091
D1,4,shot_noise,2,0.8061,0.8482316478729248,0.12398889656066894,0.3188277232170105,0.207504926682933,0.24635183816820208,0.022299999999999986,0.09989104772910795,0.055292922793910966
C,5,elastic_transform,1,0.905,0.3760800318717957,0.05580457238554955,0.15410538539886476,0.12448470313955622,0.12620509935390145,0.007299999999999973,,0.0719417630919531
A,2,elastic_transform,5,0.7577,0.955369125366211,0.1386616196319461,0.3846996021270752,0.3161469230447721,0.3161469230447721,,,
D1,5,motion_blur,3,0.7411,1.091396417617798,0.1632352020546794,0.41611596450805666,0.28199272025202515,0.3095596404874581,0.020100000000000007,0.12832666912082688,0.08527541410964691
A,4,saturate,2,0.9082,0.35434296588897707,0.05152535399496555,0.14398497581481934,0.12281906963815563,0.12281906963815563,,,
A,3,gaussian_blur,1,0.9473,0.20436645631790162,0.030133532935380937,0.08397793741226196,0.07205250027305446,0.07205250027305446,,,
D1,2,glass_blur,1,0.6016,1.8009996257781982,0.2727060777336359,0.647230643081665,0.36979451179496825,0.47480556907510907,0.04679999999999995,0.18628016778042222,0.10965330295748404
D1,3,pixelate,3,0.8419,0.6526267744064331,0.1004863999158144,0.25410916714668275,0.17536356195073458,0.2122341242286435,0.023900000000000032,0.08522178993280977,0.051216288801298665
C,2,glass_blur,3,0.6223,1.6432752967834472,0.24666625447571278,0.6013143016815186,0.39243017163794136,0.39017212663351675,0.02059999999999995,,0.07603179055947434
A,3,shot_noise,5,0.3363,3.463906519317627,0.5135592052966357,1.1211329374313355,0.45342062353198415,0.45342062353198415,,,
A,1,frost,5,0.6537,1.5497379247665406,0.22092181640416383,0.5535166654586792,0.37212283266357843,0.37212283266357843,,,
C,2,elastic_transform,4,0.802,0.801252140879631,0.11920049950182438,0.31815244411230087,0.2415254422554979,0.24227344299639225,0.016100000000000003,,0.07397929781477297
C,2,fog,3,0.9209,0.3159238144397736,0.04704730807542801,0.12943738188743592,0.10139517166281585,0.10237192618086119,0.0049000000000000155,,0.06974174395923233
C,3,brightness,5,0.912,0.3656368455886841,0.0504820718690753,0.14379473185539246,0.1171048717063648,0.11811529596856854,0.008600000000000052,,0.07116353161240078
C,1,saturate,5,0.8892,0.4360561822891235,0.06427461187392473,0.1764631222486496,0.14549645650792226,0.14468143743941037,0.009600000000000053,,0.07232524433701533
C,1,elastic_transform,2,0.9073,0.35423366689682007,0.052849846002459525,0.14877475764751436,0.12613252513964834,0.12653801779420173,0.008600000000000052,,0.07310641044231532
D1,5,fog,3,0.9205,0.31348849124908446,0.04694658950567245,0.12851754150390626,0.10000019143572281,0.10951152341977285,0.00539999999999996,0.045514088027431475,0.028989444402615555
A,3,snow,1,0.8986,0.4087323541641235,0.057329916854202745,0.16267214963436127,0.13609659369196161,0.13609659369196161,,,
D1,4,speckle_noise,2,0.763,1.065948243713379,0.15643282613754272,0.3877731505393982,0.23885169889482205,0.28365532537942056,0.024499999999999966,0.11489509664284898,0.06243862337920952
C,2,motion_blur,3,0.7538,1.0382804314613343,0.16247510941028595,0.3982622796535492,0.2556169433149102,0.2557805307465198,0.012599999999999945,,0.07428050115080842
D1,3,contrast,2,0.914,0.3390947898864746,0.05442332438379526,0.13996678729057313,0.09769643062955001,0.11656265055718831,0.007499999999999951,0.04699324494391913,0.032115295339053836
C,3,impulse_noise,5,0.2956,3.4699180068969726,0.4936897845953703,1.1281209882736205,0.6190759070005734,0.5987266887537785,0.03990000000000005,,0.07834683150616051
D1,1,pixelate,1,0.9306,0.27815677995681765,0.04064798868596554,0.11447454323768616,0.09197205343284004,0.11520143756880716,0.00660000000000005,0.045788100639956246,0.02779608739126133
C,3,gaussian_noise,3,0.4025,3.20184815864563,0.4576775640055537,1.0100659077644347,0.4022336501329206,0.40878576175032066,0.026000000000000023,,0.0753888286324812
A,4,shot_noise,1,0.8599,0.5534305698633194,0.08102578031718731,0.22248810940980912,0.17834204992950836,0.17834204992950836,,,
A,3,zoom_blur,4,0.7409,1.038281823539734,0.14951521531939507,0.40699521112442016,0.32627808639729045,0.32627808639729045,,,
D1,5,glass_blur,1,0.5731,1.874079141998291,0.28014324876517055,0.6798881727218627,0.4303707677018421,0.4766295141719049,0.02969999999999995,0.19602158936255631,0.09686686686457108
C,2,saturate,1,0.9339,0.2622772096157074,0.03745349403619766,0.10726336157321929,0.09166202846470115,0.09190753079180432,0.00539999999999996,,0.06905002706290171
C,3,defocus_blur,4,0.8082,0.780263318347931,0.12345065495669842,0.31027809267044065,0.2091405913494702,0.20919772642380557,0.013700000000000045,,0.07506725636932077
A,3,saturate,3,0.9472,0.20563169606924056,0.029433446606993676,0.0854342841207981,0.07507270267706917,0.07507270267706917,,,
A,3,snow,4,0.8144,0.7655072546005249,0.11063913481533527,0.2970246962547302,0.22776856809236923,0.22776856809236923,,,
D1,3,pixelate,5,0.4799,2.7814681133270263,0.40417568197846415,0.8874373162269592,0.3370033133685123,0.40981836463982474,0.05130000000000001,0.16418251248503415,0.08763389320832303
A,1,brightness,5,0.9101,0.3509490670204163,0.05223066745400429,0.14369884288311005,0.11696244635261828,0.11696244635261828,,,
A,3,jpeg_compression,5,0.7189,1.160783293533325,0.17487276224941015,0.4467855113983154,0.3167402239481249,0.3167402239481249,,,
D1,4,gaussian_blur,5,0.3861,2.880673808670044,0.405916073872149,0.9663008085250855,0.5972872624468757,0.7022068850508308,0.07169999999999999,0.28501451806077965,0.16268473188568608
D1,1,impulse_noise,5,0.228,4.287775785827637,0.6067824107199907,1.312529981994629,0.4727908157043916,0.6000258044546702,0.053300000000000014,0.2371733783994947,0.11504193216309656
D1,4,saturate,4,0.9199,0.3041403185963631,0.05041650228500366,0.12742762825489043,0.09232682598412502,0.10736272408061195,0.009800000000000031,0.04391426447433817,0.023810848663659775
C,3,speckle_noise,2,0.7465,1.1608951066970825,0.16867192965596914,0.41390822615623474,0.25113459039014413,0.2539378634989844,0.015900000000000025,,0.07301641075667849
C,2,frost,1,0.9115,0.3408402855873108,0.04919059525132179,0.13966225638389587,0.12150926432735287,0.12293668475265732,0.00990000000000002,,0.06968045596812551
A,5,motion_blur,2,0.8414,0.6433394674301147,0.09268456366956233,0.2547710766792297,0.1961859231025097,0.1961859231025097,,,
D1,5,motion_blur,4,0.7404,1.092642006111145,0.16767169769853354,0.4160977975845337,0.2741748918508238,0.30317290929675217,0.01980000000000004,0.12520280555901214,0.08319670924689405
C,5,zoom_blur,5,0.6262,1.5712753231048584,0.24022407121062278,0.5925157927513123,0.4026572862672387,0.3987823385984986,0.024499999999999966,,0.07992569693524383
D1,3,frost,3,0.7806,0.9556853105545043,0.14443737400174142,0.3571531618118286,0.2243183182300243,0.2784925385062816,0.023599999999999954,0.11039751901738927,0.07179202646648694
A,1,gaussian_noise,3,0.3756,3.324162599182129,0.4786202142134309,1.0530516048431398,0.42262756675949786,0.42262756675949786,,,
C,1,jpeg_compression,3,0.7959,0.811847412109375,0.12084135741442442,0.32449893741607666,0.25315081106952275,0.25267951857279985,0.019399999999999973,,0.07614618558289309
D1,1,brightness,1,0.9508,0.19575360252857207,0.03015479467511177,0.08086489057540894,0.06370163910994306,0.07790290397251375,0.0030000000000000027,0.031266363350908315,0.01942235781809676
C,2,gaussian_noise,2,0.4909,2.74133666343689,0.39932274048030375,0.8805068935394287,0.32211788262861374,0.3288406622562499,0.015599999999999947,,0.07312934004380679
D1,5,jpeg_compression,1,0.8707,0.5164855607032776,0.07781710796952247,0.21004359126091005,0.15663589084924315,0.17274180236459943,0.01090000000000002,0.07153786636190197,0.04575641673768601
D1,2,pixelate,1,0.9269,0.2882982186317444,0.043856151071190834,0.1193859531402588,0.09098921448225737,0.11142551083039726,0.007900000000000018,0.04454394223359414,0.0279705847688967
A,4,impulse_noise,2,0.6753,1.4539745997428895,0.21374290170371532,0.5238846787929535,0.33144133437741546,0.33144133437741546,,,
D1,4,brightness,5,0.9136,0.346541308259964,0.052537925985455515,0.1419965936422348,0.1056569156310812,0.12475339023695269,0.008099999999999996,0.05065618819706433,0.027765802583729335
C,2,frost,3,0.7581,1.0542690460205077,0.15651687866300346,0.3885939974784851,0.2582827494385012,0.2608546361782879,0.014499999999999957,,0.07287885931063369
D1,5,fog,4,0.8884,0.4343622813224792,0.0681019646719098,0.18007377519607545,0.1339122725102905,0.14683852140761447,0.007399999999999962,0.06094897367835753,0.0387660066819318
D1,5,fog,2,0.9394,0.2467968825817108,0.036012437450885774,0.10016592860221862,0.07885801864341192,0.08558504428456072,0.0042999999999999705,0.03577744230822306,0.02250989356044909
A,3,gaussian_blur,3,0.7887,0.8154755722045899,0.12245532014071941,0.3313346183776855,0.26343017665740626,0.26343017665740626,,,
C,1,impulse_noise,1,0.8184,0.7723940626144409,0.11199205944240093,0.29380832901000975,0.2125838088746299,0.20864651570193238,0.016199999999999992,,0.07400435113748012
D1,4,spatter,2,0.8621,0.5665197480201721,0.0876015850931406,0.22439317235946654,0.15466703168998647,0.18365518351511564,0.017299999999999982,0.07431891427334049,0.03862358397516785
A,4,gaussian_blur,4,0.6429,1.5008496871948243,0.232642091666162,0.5702970045089721,0.3683672226928407,0.3683672226928407,,,
D1,5,pixelate,1,0.9355,0.2627482362270355,0.0350029601842165,0.10665894238948823,0.09419217463505629,0.10476958532979479,0.006700000000000039,0.043212598017150106,0.026213527984544394
A,5,snow,2,0.8228,0.7455787071228027,0.10630147775113583,0.2845864748954773,0.21362907690309804,0.21362907690309804,,,
A,5,gaussian_blur,4,0.6433,1.5374949184417726,0.22956817662715912,0.5723004023551941,0.3758307257353008,0.3758307257353008,,,
C,3,jpeg_compression,1,0.8723,0.514740432548523,0.07656873967200517,0.20542166600227357,0.1561379549773992,0.15654050136376754,0.009800000000000031,,0.0721259952631763
A,2,glass_blur,1,0.5918,1.7884300159454345,0.25886294526308773,0.646068222618103,0.4481198400196037,0.4481198400196037,,,
A,2,elastic_transform,1,0.9115,0.33305398926734925,0.049300582507252694,0.13998907055854798,0.12419148591547273,0.12419148591547273,,,
A,1,gaussian_noise,1,0.7918,0.8658489274978638,0.1294459708750248,0.33339403109550475,0.23482797228728305,0.23482797228728305,,,
C,5,gaussian_blur,2,0.8815,0.4628393299102783,0.07232929942309857,0.19066580815315246,0.1407796402478096,0.14176321245316068,0.00880000000000003,,0.07288516883446484
C,3,gaussian_noise,2,0.5911,1.9838096168518067,0.2967155615076423,0.6793667043685913,0.3294154861290823,0.3361522931663727,0.020000000000000018,,0.07483001290118009
A,3,fog,2,0.9347,0.2441379292488098,0.03775735247433185,0.10304235377311706,0.08672444192703697,0.08672444192703697,,,
D1,4,contrast,1,0.9472,0.21259377675056457,0.032180123978853226,0.08702687039375305,0.06769031018114766,0.07768317168311333,0.0033999999999999586,0.03188700012741901,0.01768929227596674
D1,4,pixelate,4,0.6343,1.821698568725586,0.2755295608237386,0.6146999430179596,0.26767996517509457,0.32617913444338775,0.04249999999999998,0.13121756629331455,0.0641434269225138
A,5,motion_blur,1,0.9086,0.3562773148536682,0.05198253574669361,0.14607199459075929,0.12167663507757534,0.12167663507757534,,,
A,1,shot_noise,1,0.8603,0.5470792139053344,0.08462961712628603,0.2199551560163498,0.16789906159636156,0.16789906159636156,,,
A,1,zoom_blur,4,0.7474,1.0027825670719146,0.14718694168329238,0.40085525279045103,0.3201544112090836,0.3201544112090836,,,
C,3,jpeg_compression,4,0.7713,0.9443158950805665,0.14027046764343978,0.36634638514518736,0.26546698440999317,0.26516302767292943,0.01970000000000005,,0.07485435719220158
C,1,pixelate,5,0.489,2.6091234817504882,0.3794629097506404,0.8521355564117432,0.38871016780924983,0.38420778249954457,0.02310000000000001,,0.07600676859335094
A,3,frost,3,0.7812,0.9143224739074707,0.1322467892974615,0.3472541417121887,0.26097605903620424,0.26097605903620424,,,
A,1,fog,3,0.9195,0.3135229870557785,0.0476930598706007,0.12922482429146767,0.10510499629096594,0.10510499629096594,,,
A,5,elastic_transform,5,0.756,0.9629528829574585,0.14100948268026114,0.38503031129837034,0.31157540284974966,0.31157540284974966,,,
D1,3,fog,4,0.8916,0.4330908989906311,0.07007648331820965,0.17609240913391114,0.11871004816693603,0.14294699508098418,0.008499999999999952,0.05742119449068269,0.03953581470559936
C,3,spatter,3,0.827,0.72484473695755,0.10376646991819144,0.2774744064807892,0.21224088883360964,0.21071181824664817,0.016100000000000003,,0.07314671198067633
A,2,impulse_noise,1,0.8282,0.7250105343818665,0.10309869010150433,0.27905522134304045,0.21253742741915338,0.21253742741915338,,,
C,3,gaussian_noise,5,0.2911,4.122717813110351,0.5601502615749836,1.2141883428573608,0.42142665793712947,0.4284326478445029,0.02969999999999995,,0.07488126065388083
C,5,spatter,3,0.8319,0.7052560141563415,0.09976719694584608,0.2714045419692993,0.20929276830655288,0.20812512280483497,0.015800000000000036,,0.0731984854446374
A,3,pixelate,1,0.9303,0.26332440357208253,0.03607266259044409,0.108334814286232,0.10381601910417958,0.10381601910417958,,,
C,1,saturate,1,0.9353,0.2565863836288452,0.0340763680934906,0.10461891745328904,0.09768944948891876,0.09802696895487606,0.005700000000000038,,0.07166515400441034
D1,4,gaussian_noise,4,0.4149,2.8026046142578127,0.408684187951684,0.9441068159103394,0.5065206591747178,0.6109901564071595,0.06589999999999996,0.245438713548217,0.1305982212008069
D1,1,shot_noise,5,0.3288,3.820994641876221,0.545600354641676,1.1689071668624877,0.36215329507996213,0.45865412832809377,0.03469999999999995,0.18167748224918903,0.10353728021193252
D1,2,contrast,5,0.3164,3.119376879119873,0.4703454325824976,1.083362250328064,0.6365150929654833,0.8022390395086725,0.07889999999999997,0.314656541746067,0.16032268340511213
C,5,contrast,3,0.8488,0.6326080799102783,0.10063648248314858,0.24616016044616698,0.15520276667448635,0.15599229109898152,0.008499999999999952,,0.07303813858494485
C,1,shot_noise,3,0.5521,2.1332496389389037,0.3124176125690341,0.7288241765975952,0.39767073677938897,0.4014321007211809,0.020199999999999996,,0.07641950487399961
C,1,motion_blur,1,0.9114,0.3417483150482178,0.050380530086159704,0.141947731256485,0.1216778418910224,0.12292053965819068,0.009299999999999975,,0.07286458686112461
A,1,spatter,2,0.8581,0.5715642545938492,0.08594474548101425,0.22686561145782472,0.17261922552973846,0.17261922552973846,,,
A,5,defocus_blur,5,0.528,2.0850392745971678,0.3164635362684727,0.7571390651702881,0.4597546438378573,0.4597546438378573,,,
A,4,jpeg_compression,1,0.8676,0.518560419178009,0.07675061429440976,0.2120668522834778,0.16755146968531773,0.16755146968531773,,,
A,3,glass_blur,3,0.6392,1.533389778137207,0.22616076186299325,0.5715249578475952,0.40164919827079865,0.40164919827079865,,,
C,1,gaussian_noise,1,0.7872,0.9039475392341614,0.13380728370547296,0.3441467260122299,0.23871892129076294,0.24052919464209407,0.011499999999999955,,0.07393544244850259
C,5,zoom_blur,3,0.7891,0.8257287608146667,0.12600360126197338,0.33155229139328,0.25704974205675535,0.25773178802765323,0.018000000000000016,,0.07628501867833737
D1,2,glass_blur,5,0.5245,2.193569002914429,0.33264957926869393,0.7716528803825379,0.4188620486784435,0.5396243051898258,0.05740000000000001,0.21142978535029008,0.12412838224103052
D1,1,gaussian_blur,4,0.6618,1.4201585060119628,0.2206826885983348,0.5404278518676758,0.34400523971727237,0.4331366694415978,0.03749999999999998,0.17180802449954694,0.11449002433184592
A,1,saturate,2,0.91,0.3473363657951355,0.0522611450612545,0.14333553978204727,0.11871768846085179,0.11871768846085179,,,
C,1,gaussian_noise,2,0.583,1.9523842098236084,0.29071162336170675,0.6846870162963867,0.3703457665684982,0.37342273376178925,0.019000000000000017,,0.07611700084229214
D1,1,speckle_noise,3,0.6635,1.6280508810043335,0.24563264917135239,0.5660224911689758,0.27099810259068036,0.3463810392319108,0.025499999999999967,0.13682602531323887,0.07866077472067379
D1,5,gaussian_blur,4,0.6698,1.407902093887329,0.21374296871572732,0.5315921660423278,0.3460674523789203,0.3823953110524977,0.02939999999999998,0.15809781934523684,0.10952395244308764
D1,2,gaussian_noise,2,0.5837,2.062289535903931,0.3106506222009659,0.7084981172561645,0.3098944706762966,0.38524990475938536,0.03700000000000003,0.15351623834463293,0.0919050279470448
A,5,defocus_blur,1,0.9519,0.186414488363266,0.026381368151307105,0.07742063255310058,0.06949551175826346,0.06949551175826346,,,
A,2,glass_blur,5,0.5102,2.230525643157959,0.3197660785019398,0.7770424217224121,0.5100422319122415,0.5100422319122415,,,
A,3,spatter,2,0.8531,0.6138954866409302,0.08812519953995943,0.23785337190628053,0.18342085788500845,0.18342085788500845,,,
C,1,saturate,4,0.9253,0.29083691279292107,0.0427229255720973,0.11936431550122797,0.10267355990774085,0.1025773828062549,0.007800000000000029,,0.07132355969975161
C,1,frost,5,0.6587,1.5525640533447265,0.22439580367058515,0.5464337779045105,0.3519438707562338,0.3507192808202992,0.01770000000000005,,0.07615835569571776
C,1,pixelate,3,0.8368,0.6637845282554626,0.09531602028161287,0.25674759616851806,0.20809332599635819,0.20907784302454674,0.012700000000000045,,0.07400696802456645
D1,1,frost,1,0.9129,0.3417971613883972,0.05246143201589584,0.14167540028095246,0.10837802395251638,0.13582266470308388,0.010399999999999965,0.05400092438944193,0.032966080376153166
C,5,gaussian_blur,5,0.4148,2.6162162128448485,0.3804540913671255,0.9206101737976075,0.6094011771094286,0.5897791940779774,0.034499999999999975,,0.08420100625751692
A,1,brightness,2,0.9465,0.20330706918239594,0.030202418953180314,0.08561556485891342,0.07518604031343129,0.07518604031343129,,,
D1,5,motion_blur,2,0.8355,0.665692949295044,0.10109992392659187,0.2644705137729645,0.19164402233749278,0.20854782228634866,0.013299999999999979,0.08686853560519618,0.058782146975377814
D1,4,frost,5,0.6809,1.4625676811218262,0.21540987307578324,0.518977087879181,0.30640093437313914,0.37486766954225603,0.036800000000000055,0.1502041169294093,0.0808179304470133
A,4,impulse_noise,1,0.82,0.7732441970825196,0.11345913514494896,0.2935372795104981,0.20289841231532046,0.20289841231532046,,,
C,1,brightness,5,0.9148,0.33101055912971494,0.04858291773200035,0.13582197425365447,0.1145017844852744,0.11514991846926714,0.009099999999999997,,0.07217100408301218
C,1,speckle_noise,1,0.8641,0.5516618253648281,0.08088938568532467,0.2154977788362652,0.17005305564550507,0.1696606235793617,0.008199999999999985,,0.07263933983811767
C,3,pixelate,2,0.8827,0.47015108194351196,0.06746624505519867,0.18687136063575743,0.1553531887866353,0.1563579438229557,0.010299999999999976,,0.07167678149035811
A,3,zoom_blur,2,0.8549,0.5606728240013122,0.08069165815114974,0.22756065602302553,0.19405186836877256,0.19405186836877256,,,
D1,4,snow,2,0.817,0.7881184436798095,0.11761458190530538,0.2982854742050171,0.19837624065828277,0.23795113586718217,0.02090000000000003,0.09593775159018454,0.051719171594916076
C,1,contrast,2,0.914,0.33618748655319214,0.050621910639107225,0.13811848740577698,0.11127924913686002,0.11199851319677837,0.006800000000000028,,0.07245500213651561
D1,1,gaussian_noise,2,0.5864,2.04448514251709,0.3126109790921211,0.7077999349117279,0.29613090531561176,0.3766996078522003,0.035499999999999976,0.14915362597535178,0.08601590167765304
D1,5,motion_blur,1,0.9099,0.3507202304840088,0.05196358972042799,0.1432319922685623,0.11669070898141654,0.12604294638691355,0.006700000000000039,0.05274000697303466,0.03501262548253866
C,1,spatter,1,0.9234,0.29815463171005246,0.043770492435991765,0.1222457982301712,0.10417354257246479,0.10352884102036478,0.00770000000000004,,0.0717051656610213
C,2,defocus_blur,2,0.9341,0.25561741038560865,0.041037477430701255,0.10685000819563865,0.08103203340113396,0.08151982184267545,0.005199999999999982,,0.06903998884228389
C,5,saturate,2,0.9024,0.4037886157989502,0.05938139292597771,0.15905597972869873,0.11819141011245957,0.11808281212142901,0.006199999999999983,,0.07121490418275292
D1,1,pixelate,5,0.5037,2.596561316680908,0.37778437123000624,0.8379546395301819,0.34906170581883633,0.4589452108668105,0.04269999999999996,0.17933258546947425,0.090190109800661
D1,4,frost,1,0.9123,0.34790736227035524,0.052700698763132096,0.14112335867881776,0.10906830336618878,0.12783709739988552,0.008399999999999963,0.05204551221336103,0.028693869380632144
D1,1,elastic_transform,2,0.9083,0.36102876882553103,0.05632863312959671,0.14900247659683227,0.11016820137802279,0.13622711078680003,0.009000000000000008,0.05441321851959316,0.03431016796323228
D1,3,elastic_transform,3,0.8692,0.5258945435523987,0.0811581164509058,0.21319127020835876,0.14910905759060988,0.17735516271183732,0.0121,0.07159600307982812,0.049020511428849854
D1,4,spatter,3,0.8268,0.7403605298995972,0.11198566893935204,0.2827450681209564,0.18988314266922535,0.2285685292742739,0.022599999999999953,0.092016951407205,0.048761403390819996
C,3,speckle_noise,3,0.6722,1.5135032047271728,0.22262603567540645,0.5325535598754882,0.3068541606468556,0.3101748379814031,0.021299999999999986,,0.07388130823791132
D1,2,speckle_noise,3,0.6575,1.6477989130973816,0.24348674807399512,0.566316326379776,0.2898521665856126,0.3618690905949683,0.033299999999999996,0.1439362792830987,0.08565080338547555
C,5,defocus_blur,2,0.9343,0.2581624580621719,0.03813673411905766,0.1063988353252411,0.08573410850954533,0.08650322342497238,0.007000000000000006,,0.07064490414799829
D1,3,spatter,2,0.8663,0.5442807721138001,0.0834461116924882,0.21612144994735719,0.15317068216684274,0.18759080239583856,0.011900000000000022,0.07473564557253703,0.04729693157924151
A,1,saturate,4,0.9249,0.2885402509212494,0.04305802492499351,0.11957248389124871,0.101428224000521,0.101428224000521,,,
C,3,saturate,4,0.9263,0.2974745799779892,0.04315831287205219,0.11996964305639267,0.09672274576757336,0.09763275291372847,0.006399999999999961,,0.07012666155397901
D1,5,gaussian_noise,2,0.5998,1.8816213687896728,0.2845188097372651,0.6665453968048096,0.33495393788192596,0.3690858760435833,0.029200000000000004,0.15234155074747033,0.09964732720316238
D1,2,motion_blur,3,0.7517,1.080141577720642,0.1688520781248808,0.40901427326202394,0.23473617967739702,0.29048407369340423,0.023599999999999954,0.11579946726239869,0.07361824282495567
D1,5,pixelate,4,0.6488,1.7310629873275756,0.25275646762847903,0.5872466386795044,0.2900073265498737,0.3093586964705202,0.028900000000000037,0.13015106690970035,0.03859397488782897
C,2,fog,5,0.7326,1.137689469909668,0.17500313348025084,0.43085050768852234,0.27724805024008964,0.2748030207125878,0.018000000000000016,,0.07445680339714661
A,4,motion_blur,5,0.6511,1.4804496751785279,0.22175414660274984,0.5573608276367188,0.37437925068544575,0.37437925068544575,,,
A,5,jpeg_compression,1,0.872,0.502078528213501,0.07571694516539573,0.2043947503566742,0.1607538746673148,0.1607538746673148,,,
C,1,saturate,3,0.9484,0.20725547070503234,0.028513007858395577,0.08476799512207508,0.07544741797597962,0.076050873605792,0.00539999999999996,,0.0706136111220818
A,2,brightness,4,0.9368,0.24582404384613038,0.034914226883649827,0.10114836857318878,0.09179271043254994,0.09179271043254994,,,
A,5,jpeg_compression,5,0.7149,1.1469934370040893,0.17549590124487877,0.45201798186302183,0.33017410524022417,0.33017410524022417,,,
A,1,speckle_noise,1,0.8626,0.5511250830024481,0.08399276923537255,0.21881110625714065,0.1642947935859207,0.1642947935859207,,,
A,1,gaussian_blur,1,0.95,0.19392296520471572,0.028543286202847958,0.08103636047840118,0.06972832052956801,0.06972832052956801,,,
D1,2,elastic_transform,4,0.802,0.8415774662017822,0.127308207090199,0.3249824275493622,0.20929198735939863,0.25687988579915255,0.023900000000000032,0.10278873618864016,0.06497069981023212
A,1,jpeg_compression,4,0.7657,0.9435010332107544,0.13981921371221542,0.37221734647750854,0.28547861818870296,0.28547861818870296,,,
C,1,gaussian_noise,3,0.3939,3.087650635147095,0.45068876871019603,1.0048193798065186,0.4497599222471705,0.4555891427763738,0.01870000000000005,,0.07723626134743844
A,5,contrast,3,0.8784,0.47283440780639646,0.0707946103155613,0.19351811380386352,0.15442424608985894,0.15442424608985894,,,
A,2,shot_noise,1,0.8691,0.5195619000911713,0.07707065870463849,0.2104807270169258,0.16475328199721406,0.16475328199721406,,,
A,5,fog,3,0.9205,0.31150594744682314,0.04606169868707657,0.12696371443271637,0.10403330130583491,0.10403330130583491,,,
D1,1,spatter,3,0.8233,0.755045153427124,0.11447238683253527,0.2904254173755646,0.1903651780386892,0.24765794643313274,0.01759999999999995,0.0970739457132969,0.05599794880275646
D1,2,saturate,4,0.9259,0.2992198444291949,0.04622171698212624,0.12239948961362243,0.08726329577457217,0.1082070306414651,0.005800000000000027,0.04304814361003228,0.027255559534047985
A,4,contrast,1,0.9437,0.21182324478626252,0.0322238294094801,0.08974420169591904,0.07542919331780432,0.07542919331780432,,,
D1,1,zoom_blur,1,0.8912,0.4313520558357239,0.06459734783172608,0.17611733508110047,0.13697565204336135,0.16881210245054099,0.011199999999999988,0.06757224621571124,0.042455484720010934
C,5,frost,1,0.9053,0.37404457907676697,0.055473758813738824,0.1519669900894165,0.12133540520004171,0.12236410258561664,0.008499999999999952,,0.07116760330371973
C,5,shot_noise,2,0.7799,0.9412471571922302,0.13988323075324297,0.35606634621620176,0.23774056923395837,0.2398174470627564,0.013900000000000023,,0.07327425677843548
D1,1,jpeg_compression,1,0.8655,0.5296242931365966,0.08655152672827243,0.21585920519828797,0.144819475141968,0.18322573230371927,0.013599999999999945,0.07261083584360749,0.04462219918871246
C,1,motion_blur,4,0.7641,0.9479937941551209,0.1461765119627118,0.3774069264411926,0.2751242862065439,0.27417258114047,0.01749999999999996,,0.07795179030099646
D1,2,fog,4,0.8923,0.41930923213958743,0.06695146123766899,0.1735265073776245,0.12424640540305408,0.15242162871792098,0.011700000000000044,0.06094497807339164,0.0384342347361308
C,2,shot_noise,1,0.8552,0.5870531700134277,0.08958457186818122,0.2332167552947998,0.1678203971074865,0.1691795623059472,0.008299999999999974,,0.0705381161590872
D1,5,saturate,3,0.9506,0.2014761983394623,0.0293669635027647,0.0822652391076088,0.06833995950352109,0.07459152665328293,0.0030999999999999917,0.03107642129168647,0.019859377610239048
A,1,frost,1,0.9077,0.3472108418941498,0.0537082723736763,0.14601095995903016,0.12269124666341813,0.12269124666341813,,,
D1,4,fog,2,0.9378,0.24888403282165528,0.03825648713409901,0.10245143783092499,0.07595742616657516,0.08777172624695523,0.0041999999999999815,0.035949081936926815,0.01983526718793505
A,3,elastic_transform,5,0.757,0.9474843635559081,0.1410124455884099,0.3822505627632141,0.30677763152973203,0.30677763152973203,,,
A,4,zoom_blur,4,0.7382,1.0518279168128968,0.16034899619072676,0.4150182234287262,0.3044675844317826,0.3044675844317826,,,
A,3,snow,2,0.8146,0.7838172992706299,0.11162300097197295,0.29843015537261963,0.224652945288911,0.224652945288911,,,
A,4,gaussian_noise,4,0.2984,3.6090625942230226,0.5407868947327137,1.1815946228027343,0.47110904328533504,0.47110904328533504,,,
C,2,impulse_noise,3,0.574,1.8199642631530761,0.26308705604970456,0.6621471798419952,0.48650380981571506,0.48138321067428913,0.027699999999999947,,0.07603965066712533
C,1,elastic_transform,5,0.7583,0.9389956993103027,0.14230032486021518,0.38113469314575193,0.30649056237763145,0.3051558583442704,0.01990000000000003,,0.0776650379635207
C,2,motion_blur,4,0.7547,1.03543878326416,0.16100900059044362,0.3973091844558716,0.2562055289686017,0.2554562613180431,0.014800000000000035,,0.07432096059582367
D1,3,brightness,2,0.9477,0.20041595239639282,0.030210760793089868,0.08541466791629791,0.07016300041982759,0.08317259262327716,0.0044999999999999485,0.03362831364926388,0.02287628853337716
D1,2,gaussian_noise,1,0.7932,0.8939405153274537,0.13927286131381988,0.341786497592926,0.20111030018103193,0.24878537186991306,0.021499999999999964,0.0994709007589127,0.06201457380823033
C,1,brightness,4,0.9373,0.24983985056877137,0.034894661544263364,0.10280499532222748,0.08967863166553725,0.09047062394727982,0.007299999999999973,,0.07128784433168855
A,2,gaussian_noise,5,0.2571,4.212438174438477,0.5970803491875529,1.2790614847183228,0.418718589650176,0.418718589650176,,,
A,2,shot_noise,2,0.7689,0.9844989068984985,0.1521417913660407,0.3730366851806641,0.23746460666654748,0.23746460666654748,,,
A,1,snow,3,0.8381,0.652430064201355,0.09680657312870025,0.2587599838733673,0.20111127899157583,0.20111127899157583,,,
D1,3,speckle_noise,4,0.5196,2.494049975204468,0.36228778170496223,0.8095077297210693,0.34613558457768523,0.4225541816023004,0.034599999999999964,0.16902295038988424,0.10760742237569561
C,5,fog,2,0.9322,0.2697922194480896,0.04107454872727394,0.11062587604522706,0.0854029978739767,0.08636873705023608,0.006000000000000005,,0.07044165335857579
D1,2,elastic_transform,2,0.9058,0.3794465892791748,0.059020360377430914,0.15428669986724852,0.1083606073120929,0.1312098427837045,0.009099999999999997,0.05273072015855965,0.03387910576600466
A,2,saturate,3,0.95,0.19949364492297172,0.028245663250982763,0.08320975830554962,0.0740782914087089,0.0740782914087089,,,
D1,4,contrast,2,0.9116,0.3498192335128784,0.05533733894228935,0.1434450310945511,0.10125911339785089,0.11723987951198941,0.007499999999999951,0.047961675838040056,0.026944476408353596
C,5,speckle_noise,3,0.6548,1.590524489402771,0.23360845263451338,0.5592508714199066,0.3276346098722599,0.3312555908164184,0.021299999999999986,,0.0745623948686396
C,2,defocus_blur,4,0.8031,0.8107722041130065,0.12458525811582803,0.3193496229171753,0.21816592718583416,0.2185557797124784,0.01539999999999997,,0.0738415773069871
D1,2,snow,5,0.7725,0.9837847066879273,0.15231131633669137,0.37210203461647035,0.22485810979925444,0.2838215913641325,0.02400000000000002,0.11220814126731905,0.0668569101235668
A,5,zoom_blur,4,0.7268,1.139006368637085,0.172198814111948,0.4389603973388672,0.30177558369978796,0.30177558369978796,,,
A,3,saturate,5,0.8918,0.4260540722846985,0.062162666733562945,0.17174609980583191,0.1418647234351025,0.1418647234351025,,,
D1,2,pixelate,5,0.4701,2.876907169723511,0.419244085252285,0.91294070186615,0.3258075523456151,0.40751338162888423,0.04490000000000005,0.16200956053723928,0.07945106243789606
C,3,shot_noise,1,0.8693,0.5297878582954407,0.07973620869219303,0.21010632753372194,0.1551472275735985,0.15665637663707602,0.009099999999999997,,0.07137872207331278
A,2,contrast,5,0.3358,3.033574750518799,0.45048488616049287,1.0569302125930786,0.6458206277533318,0.6458206277533318,,,
D1,2,snow,4,0.8166,0.7725324285507202,0.12193209301233292,0.30122423100471496,0.18659299947679392,0.23506664316047682,0.02070000000000005,0.09291480565558595,0.05707508356409616
A,1,spatter,1,0.9204,0.30772533271312713,0.04659194779396057,0.12778166601657867,0.10732206667966093,0.10732206667966093,,,
A,5,spatter,1,0.9251,0.28770379331111906,0.04201493836939335,0.11993961928486824,0.10531076133280876,0.10531076133280876,,,
D1,3,saturate,1,0.9322,0.26559537348747253,0.039981185382604596,0.11053435314893723,0.08767396610235155,0.10401308723304246,0.005600000000000049,0.042048103156500045,0.028492426899832144
D1,2,spatter,4,0.8563,0.6024972916126251,0.09638727741539478,0.239866837310791,0.14352145105893724,0.17699538843157353,0.013599999999999945,0.07070584465896827,0.04371150242158286
D1,5,pixelate,3,0.8335,0.6952020297050476,0.10102220778167248,0.26686228322982786,0.19695517574466648,0.2165407584109693,0.02210000000000001,0.08959049580209637,0.039195426850266175
D1,2,defocus_blur,2,0.9357,0.25379442887306214,0.039991515320539475,0.10432805054187774,0.07638612006579933,0.09061181689371006,0.00539999999999996,0.03670642833405097,0.02352490441576544
C,3,gaussian_blur,4,0.67,1.3842732749938964,0.2151132788464427,0.5326121890068054,0.3475356801280635,0.34448629689269583,0.02300000000000002,,0.07942583831759335
C,1,pixelate,4,0.6676,1.5404718904495238,0.2290025101184845,0.5428379900932312,0.31080895278095266,0.30958525352461147,0.01970000000000005,,0.07535184352675808
D1,4,fog,3,0.9191,0.31508489999771117,0.05018249523639679,0.12855713539123534,0.09520994029596913,0.110705035980104,0.007099999999999995,0.04520194747905285,0.025184775243506295
A,5,frost,3,0.7845,0.9176538942337036,0.12792790795117617,0.3438338927268982,0.2594349040415953,0.2594349040415953,,,
A,1,glass_blur,3,0.6007,1.721695427131653,0.2601647142261267,0.6357821349143982,0.41577954880385076,0.41577954880385076,,,
A,1,zoom_blur,1,0.8933,0.40933577650785447,0.058973681542277334,0.170172150477767,0.147928774828749,0.147928774828749,,,
C,1,gaussian_noise,4,0.3315,3.5423185020446777,0.5032201227128505,1.1144979705810547,0.4732002499982889,0.4812086537695257,0.016599999999999948,,0.07746653450255508
D1,1,elastic_transform,1,0.9104,0.33837558698654174,0.052484335999190806,0.1427199675321579,0.11496376640816743,0.14176274694908061,0.00990000000000002,0.05669654004006539,0.035419746725177004
A,3,impulse_noise,3,0.5329,2.166821710586548,0.3163289623558521,0.7487455446243286,0.4507741966812115,0.4507741966812115,,,
C,3,motion_blur,3,0.762,1.014494425201416,0.1518933887988329,0.38983351078033446,0.2621329014256189,0.2611923512693145,0.01849999999999996,,0.07603928330050806
C,2,contrast,4,0.7763,0.916609206199646,0.1414936638176441,0.36014222917556765,0.25012938865928447,0.2486290585282666,0.015100000000000002,,0.07453678471630677
C,2,glass_blur,5,0.5154,2.2691882667541505,0.328846753667295,0.7874792415618896,0.4679212433562148,0.46280839994542183,0.022700000000000053,,0.07751512576086624
C,5,fog,3,0.9123,0.3586564399719238,0.05303279243707657,0.1440513669013977,0.10713743318454072,0.10780308105700824,0.007399999999999962,,0.07123532746869042
A,3,speckle_noise,3,0.6574,1.573205980682373,0.23480744747370483,0.563338713645935,0.32152979683502925,0.32152979683502925,,,
D1,2,defocus_blur,3,0.891,0.43300601024627683,0.06878890453279018,0.17750015211105347,0.12203697886498995,0.14601252422871475,0.011700000000000044,0.059062268304436776,0.03803354535207721
A,4,brightness,1,0.9501,0.1867762725710869,0.02737221835553646,0.08028590784668922,0.07211349803932245,0.07211349803932245,,,
A,2,spatter,3,0.8255,0.718062284374237,0.10293849302083254,0.2791539797782898,0.2212674185752403,0.2212674185752403,,,
C,1,frost,1,0.9113,0.3480008599758148,0.049021333387494086,0.1413395440340042,0.12413585647463624,0.12494315084285917,0.008600000000000052,,0.0719937837586577
C,3,contrast,5,0.3064,3.1108254035949705,0.4474152078896761,1.0708270310401917,0.7339162828493165,0.6999432608921605,0.056499999999999995,,0.08733427802541827
A,4,spatter,2,0.8686,0.5335985379219055,0.0768465087428689,0.2115527151823044,0.1666739580840018,0.1666739580840018,,,
A,2,spatter,2,0.8682,0.5307938254356385,0.07538135115802289,0.2122282141685486,0.17628168503687483,0.17628168503687483,,,
D1,1,contrast,5,0.3078,3.4001380348205568,0.469062081758678,1.0878121106147767,0.6426848098324961,0.8221579028780805,0.10540000000000005,0.32394112381096446,0.20628565363306028
D1,5,shot_noise,1,0.8645,0.535642852216959,0.08247654912471772,0.21389062279462814,0.15837733163165102,0.17290346197722248,0.011800000000000033,0.0719576921525256,0.047620696580825135
A,5,motion_blur,4,0.7445,1.047256248664856,0.1606490041434765,0.4039424214363098,0.2811451000111061,0.2811451000111061,,,
A,1,glass_blur,5,0.5044,2.2485826763153076,0.326858156016469,0.7922166373252869,0.49760026476993224,0.49760026476993224,,,
C,5,elastic_transform,3,0.8602,0.5562714325904846,0.08441601768136024,0.22399061336517334,0.16917798811835819,0.170243378853827,0.011299999999999977,,0.07349877097938756
A,5,pixelate,4,0.6501,1.6482732643127442,0.2426436691775918,0.5739974524497986,0.3164954356689443,0.3164954356689443,,,
C,2,brightness,5,0.9134,0.3374198655128479,0.050283074709773064,0.137927850484848,0.11453561741218436,0.11615017943960847,0.006900000000000017,,0.07004672652350459
A,3,brightness,5,0.9108,0.34793653440475464,0.05132545087039471,0.14308542680740358,0.11926740446581098,0.11926740446581098,,,
D1,2,jpeg_compression,1,0.8722,0.5218351684570313,0.08126107480525971,0.20801531767845155,0.13973843397950986,0.17239845575627405,0.01319999999999999,0.0687610143179918,0.043575716186539847
D1,3,defocus_blur,3,0.8932,0.424911177444458,0.0677900555074215,0.17507359275817871,0.11895393657277455,0.1389301420733973,0.009199999999999986,0.05657015779584956,0.039148180532115946
D1,5,gaussian_noise,5,0.276,4.163007223510742,0.5786938261777163,1.2447962171554565,0.4120227690150146,0.4618844154397055,0.03610000000000002,0.18863906058409288,0.14141143755142807
D1,5,glass_blur,3,0.607,1.674033712387085,0.25504837773293254,0.6244957969665528,0.4071595486815204,0.45133018749460463,0.03490000000000004,0.18568108082421045,0.09521038756068452
D1,4,elastic_transform,2,0.9078,0.36328550634384155,0.05467010321766138,0.1490163969039917,0.11447550080678193,0.13284539982087445,0.007399999999999962,0.05432579527240935,0.0304588539782215
C,5,speckle_noise,5,0.3646,3.5316511234283445,0.4857378886058927,1.073775008201599,0.43602306360942894,0.4293952397903602,0.030100000000000016,,0.07518741035312557
D1,4,frost,4,0.7747,0.9933882001876831,0.1459777327388525,0.36829499487876893,0.2370215422188572,0.28759897201629936,0.028900000000000037,0.1156301656114083,0.06280371305774178
D1,5,contrast,2,0.9126,0.34377903785705566,0.05414384010732174,0.1414612054347992,0.10253831370957486,0.11174263297327852,0.0048000000000000265,0.04657321328506465,0.029460479891757475
A,2,brightness,1,0.952,0.1870065357208252,0.026818298375606536,0.07831770834922791,0.06989580390658374,0.06989580390658374,,,
A,4,gaussian_blur,5,0.37,3.010158529663086,0.44228416402041915,1.0194242156982423,0.5460588603185664,0.5460588603185664,,,
A,3,fog,5,0.7574,1.0082618392944336,0.15088541790694,0.3878991083145142,0.2711498176052963,0.2711498176052963,,,
D1,1,pixelate,3,0.8404,0.6661666686058044,0.10255655140578747,0.26110627536773684,0.17509838979496853,0.22597061494002701,0.02059999999999995,0.08900400276302485,0.04916152556782833
C,3,fog,4,0.8881,0.4454313005447388,0.06812027968466282,0.17972758989334106,0.13678820462447475,0.13845978485326924,0.008000000000000007,,0.07225296569636294
A,2,jpeg_compression,2,0.8222,0.7133597393035889,0.10399253336042166,0.2863801296234131,0.2257689687404927,0.2257689687404927,,,
D1,2,frost,3,0.774,0.9896861204147339,0.1517006466254592,0.37100092964172365,0.22368727446655393,0.28302990332935585,0.024700000000000055,0.11182207490564955,0.06712093777256413
C,3,frost,5,0.666,1.5450194980621337,0.21625970735251904,0.5359621621131897,0.35072979177412344,0.3527338556137984,0.01970000000000005,,0.07526327675248547
D1,3,contrast,1,0.9465,0.204486980342865,0.030950820377469063,0.08662162314653396,0.07034355621027352,0.08278844628146326,0.0047000000000000375,0.03358191936243287,0.022826151887408098
A,2,pixelate,3,0.8323,0.6869589114189147,0.09884979194402695,0.2662050770521164,0.20925931095115666,0.20925931095115666,,,
D1,3,snow,2,0.8254,0.7416307657241822,0.11226260180771351,0.28328297491073606,0.19115168644660152,0.23678037732702215,0.01649999999999996,0.09395020688088844,0.060205908807363186
A,2,brightness,5,0.9127,0.33279954872131345,0.048458514966070655,0.1375888425350189,0.12164272128863522,0.12164272128863522,,,
A,4,motion_blur,3,0.7469,1.0558839438438417,0.15914908288568258,0.4068821789264679,0.28022474361468047,0.28022474361468047,,,
A,3,elastic_transform,2,0.9029,0.3800351629257202,0.05508510324209929,0.1545715784072876,0.1299814415926754,0.1299814415926754,,,
A,5,shot_noise,4,0.4583,2.690256982421875,0.384979846483469,0.8801286338806152,0.45035657687476777,0.45035657687476777,,,
A,5,snow,3,0.844,0.6205353523254394,0.09323638686835765,0.2468997724533081,0.19213664390991908,0.19213664390991908,,,
C,5,zoom_blur,4,0.7269,1.1040444923400878,0.16862345971018075,0.4324589849472046,0.31559110233490356,0.31521161651085133,0.01970000000000005,,0.07778416973146153
D1,4,gaussian_blur,1,0.9495,0.1977888602733612,0.030363175746798515,0.0816498719573021,0.06447679170253104,0.07349431705650931,0.0030000000000000027,0.030249107312836473,0.01678962447277851
A,5,shot_noise,5,0.3262,3.649189835357666,0.49753169718384743,1.1065127614974977,0.4968859169761941,0.4968859169761941,,,
A,3,saturate,1,0.9294,0.277657142829895,0.039221174556016924,0.1122763031244278,0.09785957269921236,0.09785957269921236,,,
C,3,glass_blur,4,0.4769,2.5551951648712157,0.3630911498934031,0.8488706851959229,0.47477020616481314,0.46632392709431003,0.02859999999999996,,0.07803285446030761
D1,2,brightness,2,0.9449,0.2176496506690979,0.034534629061818124,0.09008931422233582,0.06559898051152122,0.07858310016114264,0.0040999999999999925,0.031741188174904046,0.02037794601640494
D1,5,contrast,5,0.3311,3.0382634826660158,0.4456631911367178,1.045231102180481,0.6731642162114382,0.7383701285577379,0.1351,0.3072938084357826,0.16180198431164855
D1,4,jpeg_compression,1,0.875,0.5104713090896607,0.07860814098268748,0.20388961791992188,0.14194401707542711,0.16607718789504142,0.010499999999999954,0.06763048694989314,0.037853404434717845
C,5,motion_blur,5,0.6405,1.5671207017898559,0.24185706203728916,0.578003253364563,0.3519420000049693,0.34927055828769227,0.02190000000000003,,0.0785634393368021
A,5,spatter,4,0.8712,0.5307557111263275,0.07720876999795437,0.2103892829656601,0.15891946220347017,0.15891946220347017,,,
A,2,frost,3,0.7892,0.8793420186042785,0.1261421715065837,0.33573748173713686,0.25702215967581726,0.25702215967581726,,,
C,1,gaussian_blur,3,0.7974,0.7848763870239258,0.11828390683233737,0.3209563060760498,0.2600982799823745,0.2593365355182759,0.016599999999999948,,0.07793007326274975
D1,4,defocus_blur,2,0.9388,0.25022451190948486,0.0366716098845005,0.10287751554250717,0.07865742579365033,0.0894412983479735,0.0046000000000000485,0.036877047001816876,0.020633893736855747
A,4,defocus_blur,4,0.7974,0.8129062927246093,0.12322734611481428,0.3245274087905884,0.23597149208332993,0.23597149208332993,,,
D1,3,glass_blur,3,0.6195,1.6906924404144288,0.2601059754937887,0.6185637188911438,0.3527729320018669,0.4442855635744869,0.04379999999999995,0.1750871075991444,0.10989050295503354
C,5,gaussian_blur,4,0.6395,1.480264050102234,0.22724195564240218,0.5701045447349549,0.40110370689698027,0.3978112038052408,0.026699999999999946,,0.08036212891469229
C,3,defocus_blur,1,0.9507,0.19879320051670074,0.02790954976826906,0.08105058914422988,0.06957645075334003,0.07046880235010466,0.0047000000000000375,,0.06946686662095664
A,5,contrast,2,0.9168,0.32771299390792846,0.0477467763826251,0.13360409376621246,0.1097047243375724,0.1097047243375724,,,
D1,1,snow,4,0.8192,0.7544331966400146,0.11820855350494384,0.29528387460708616,0.19029807920554886,0.24548682825585127,0.019100000000000006,0.09652462983244962,0.05743913011647228
C,3,speckle_noise,4,0.5412,2.2323762531280518,0.3204353067845106,0.7455722343444824,0.400023236209777,0.40423441948243416,0.02729999999999999,,0.07498825579428098
D1,3,saturate,3,0.9482,0.19671173584461213,0.030765638503432273,0.08496079018115997,0.06848219054076181,0.0808197507076664,0.0040000000000000036,0.032754174652473496,0.022159018365499356
A,4,saturate,1,0.9301,0.26869802174568175,0.03943640344440937,0.11165948433876037,0.09458685723452655,0.09458685723452655,,,
D1,5,zoom_blur,5,0.6507,1.5296646883010865,0.224681845356524,0.5604154914855957,0.36861597627354203,0.4035407509616518,0.0353,0.1676534574685288,0.11123516954924058
C,5,snow,2,0.8171,0.7700644249916077,0.11383676348775625,0.29568310294151307,0.2102291520017956,0.21069173151246504,0.014900000000000024,,0.07369575537125143
A,5,gaussian_noise,2,0.594,1.8886717365264893,0.28390437215864656,0.6639209699630737,0.35623541739333886,0.35623541739333886,,,
A,2,speckle_noise,1,0.8732,0.5130689961433411,0.07601414413303137,0.20382959611415863,0.15730274557964877,0.15730274557964877,,,
D1,3,snow,1,0.9032,0.38971648836135864,0.059185822749137876,0.15694326281547546,0.11581871142891469,0.1403497078727378,0.008199999999999985,0.056195962640635845,0.03703378359517041
C,5,pixelate,4,0.6793,1.4587290168762208,0.21737603510022163,0.5212736721038819,0.3062731990520144,0.30626953922497924,0.01959999999999995,,0.07418472059117827
A,1,fog,1,0.9479,0.19953872413635254,0.02998195137232542,0.08347110579013825,0.07308987024904927,0.07308987024904927,,,
C,1,contrast,5,0.3749,2.476802912521362,0.3793117106348276,0.9435124526977539,0.7611703846329241,0.7172530860764673,0.04249999999999998,,0.09308476453718195
C,1,shot_noise,2,0.7717,0.9747143604278564,0.14385455788969995,0.3631912974834442,0.2523443676533294,0.253368657080736,0.014800000000000035,,0.07407549253205196
D1,2,gaussian_blur,4,0.6157,1.7327616508483887,0.27927143931686876,0.6412096053123474,0.3092949795271852,0.38306160077247187,0.035499999999999976,0.1527941334135258,0.0978161611268501
C,3,elastic_transform,1,0.909,0.3598956874847412,0.052046458914875984,0.1459328905582428,0.12255223212660639,0.12386864087125432,0.008000000000000007,,0.07175289861603812
A,1,speckle_noise,2,0.7274,1.2100741636276244,0.18045524088144302,0.43892128977775574,0.2761243761551275,0.2761243761551275,,,
C,2,pixelate,4,0.6448,1.6931054210662841,0.246999545070529,0.5809410655975342,0.3210099713180447,0.3206657828586234,0.019299999999999984,,0.07306969712588336
A,3,speckle_noise,5,0.4156,2.8514469039916994,0.41324834994375703,0.9468842000961304,0.506376856013306,0.506376856013306,,,
D1,2,impulse_noise,4,0.3532,3.380219828414917,0.49879034633338454,1.0969243594169618,0.43978998861917934,0.5491430627207388,0.058599999999999985,0.21709379307131652,0.11389220177872998
C,3,frost,1,0.9089,0.35565916471481324,0.052221632713079454,0.144261439371109,0.12030885889087221,0.12205332040328067,0.006700000000000039,,0.07082570105484444
D1,2,glass_blur,3,0.6359,1.6134288648605346,0.24965553005486726,0.5925754144668579,0.33710952923113946,0.43283731993255203,0.04369999999999996,0.16994228659771907,0.1025433918644497
D1,1,impulse_noise,2,0.6898,1.40105553855896,0.217827273067832,0.509470152759552,0.2784161787088233,0.36738979847737935,0.030200000000000005,0.14342772938226991,0.07725069242862458
D1,2,zoom_blur,4,0.7252,1.1891789266586303,0.18811750719845294,0.45029309606552126,0.2561370891516737,0.3140488050015061,0.027200000000000002,0.1257908673025585,0.07941293502951258
A,4,fog,2,0.9359,0.2515050622940063,0.03777300886958838,0.10482770297527313,0.08345294516526629,0.08345294516526629,,,
A,2,jpeg_compression,1,0.8767,0.48346818799972535,0.07057108735442162,0.19595479853153228,0.16173009545084496,0.16173009545084496,,,
D1,1,saturate,5,0.891,0.42408888931274413,0.0698934401422739,0.17312095494270324,0.12148464567049815,0.15306665631029756,0.009000000000000008,0.06071820572245173,0.03659587594743692
D1,2,shot_noise,4,0.4623,2.821182792663574,0.405240841960907,0.9050417860984802,0.3827802860015538,0.4767554994746984,0.04500000000000004,0.1893277099130297,0.11063828965242266
D1,4,brightness,1,0.9508,0.19527032730579377,0.02973026565015316,0.0802521540760994,0.0634850516111008,0.07291871676621668,0.0028000000000000247,0.02992318128521923,0.016546269993850202
A,3,contrast,5,0.3141,3.0592895038604735,0.45944404677897693,1.075751758670807,0.6835609090121579,0.6835609090121579,,,
D1,2,gaussian_blur,3,0.7769,0.9331789025306702,0.15187138131856917,0.36497705669403074,0.21043745105435374,0.2555057349391922,0.021199999999999997,0.10274636661712526,0.06593890215995153
D1,4,motion_blur,4,0.7608,1.0109471187591552,0.15755747132897377,0.38871935081481934,0.24247212782947464,0.2851283188249159,0.022800000000000042,0.11604622242769401,0.06525794047748178
D1,5,snow,1,0.9034,0.38820746555328367,0.05771812762469053,0.1561880123615265,0.12074923872631625,0.13355726215125469,0.006000000000000005,0.05518547255473629,0.0324885481155063
C,3,brightness,3,0.9411,0.2333549578666687,0.033498737217485905,0.09477335262298583,0.0801926897930738,0.08104371616996359,0.00539999999999996,,0.06978999192291069
A,4,glass_blur,2,0.6035,1.6753924356460572,0.2429450021520257,0.617341421508789,0.45295840206192806,0.45295840206192806,,,
C,5,shot_noise,3,0.531,2.2824163970947264,0.3360654813781381,0.7725177805900574,0.3864973507614632,0.3912454149545476,0.024499999999999966,,0.07550848348903849
A,3,frost,1,0.9134,0.3342923126220703,0.04687803887575865,0.13875790829658508,0.1242336745002729,0.1242336745002729,,,
C,2,snow,4,0.8196,0.7545998216629028,0.110329902023077,0.292726539850235,0.216620180440048,0.21749800516708637,0.012199999999999989,,0.0728958912602191
D1,4,brightness,3,0.9399,0.2315373285293579,0.03635949943065643,0.09602658879756927,0.07447717688505363,0.08634912951382867,0.00539999999999996,0.0353021417558848,0.01938516321961727
D1,1,motion_blur,5,0.6839,1.3742754787445068,0.21653883436322213,0.5133611406326294,0.29566821833020657,0.37792985038873156,0.029200000000000004,0.1489631613991815,0.09516288948064872
A,2,snow,1,0.9056,0.3831547571182251,0.054564533396065235,0.15288215928077697,0.1256591217093199,0.1256591217093199,,,
D1,5,spatter,1,0.9269,0.2896844245433807,0.04185188271254301,0.11982226181030274,0.0994993972349359,0.11120088577019342,0.0048000000000000265,0.045643766353316705,0.027422430786765678
D1,1,elastic_transform,3,0.8762,0.4803933615684509,0.07456327987015247,0.1987860794067383,0.14842836864371203,0.18458367311308102,0.013299999999999979,0.07355479675419531,0.04662594341510365
D1,1,fog,4,0.8946,0.4110179033279419,0.0630977796882391,0.17138446607589722,0.13002725750332175,0.1632204819916922,0.010800000000000032,0.0648198600521384,0.04032018599336956
A,2,pixelate,4,0.6466,1.6827311571121215,0.2500225855112076,0.5814056470870972,0.3085665838417277,0.3085665838417277,,,
D1,3,motion_blur,1,0.9056,0.3668336403846741,0.057939576190710065,0.15266582608222962,0.11103715985980234,0.13007945236961824,0.00770000000000004,0.05288728083948372,0.036077994969602824
D1,3,jpeg_compression,2,0.816,0.7425939163208007,0.11696443867832422,0.29463682136535646,0.1976405674571055,0.24081173437979306,0.02070000000000005,0.09617305377428226,0.06372130815026232
C,1,elastic_transform,3,0.8727,0.4834784710884094,0.07102409354746342,0.2032221263885498,0.1767345780170115,0.17761454591383227,0.012700000000000045,,0.07470010288557329
A,4,spatter,4,0.85,0.6305891909599304,0.09496935326009989,0.24308239946365356,0.1674177238066797,0.1674177238066797,,,
C,2,frost,2,0.8593,0.5774504267692566,0.08456089280247689,0.22512881293296813,0.17073207820328534,0.17260126080497867,0.010199999999999987,,0.0710208390120838
A,5,speckle_noise,3,0.6634,1.53141681804657,0.22012916663885115,0.538212574672699,0.3377576442695252,0.3377576442695252,,,
D1,5,brightness,2,0.9516,0.19782320256233216,0.028121919894218445,0.07939371117353439,0.06843175269668282,0.07488816854619508,0.0040999999999999925,0.031133597322503676,0.019940427166223046
D1,1,speckle_noise,2,0.7382,1.201876599407196,0.18474076463282108,0.43447086544036867,0.22938675792853463,0.2920462216492946,0.022399999999999975,0.11555410025830692,0.0672905015735694
A,4,snow,3,0.844,0.6378423893928528,0.0910932358622551,0.25091180510520933,0.19988750110016554,0.19988750110016554,,,
A,5,frost,5,0.6671,1.5015536111831664,0.21503972209990024,0.5368332817077637,0.35165884666062486,0.35165884666062486,,,
C,2,jpeg_compression,3,0.7979,0.8225956274986267,0.12169643196314574,0.32545452456474305,0.24447365427290205,0.24428587445491576,0.015700000000000047,,0.07346935144838947
A,1,contrast,3,0.8746,0.49950734910964967,0.07525266648679972,0.2017692926645279,0.1533475603380357,0.1533475603380357,,,
C,1,speckle_noise,2,0.7336,1.187226461315155,0.17203730700910091,0.4290927128314972,0.2810643062048417,0.2823061649527401,0.014599999999999946,,0.07454336275937064
C,3,saturate,5,0.8918,0.4475112394332886,0.0651636146813631,0.17523688123226167,0.13327431300300524,0.1339843869165954,0.010299999999999976,,0.07112752159533205
C,2,saturate,3,0.9476,0.20472497601509093,0.030875025004148484,0.08439658741354943,0.07058985893523786,0.07107794990930852,0.0042999999999999705,,0.06818008841363395
D1,5,glass_blur,2,0.5885,1.7838915214538573,0.26619129571020606,0.6546833791732788,0.4259999356271699,0.47028454341217296,0.03320000000000001,0.19392191388365268,0.0911899186586669
D1,3,fog,3,0.9237,0.3063901008605957,0.0464209688603878,0.12536442153453828,0.09297542835712666,0.11055763626773842,0.006099999999999994,0.044653825262543974,0.030481167451932745
A,2,zoom_blur,2,0.8721,0.48791443195343015,0.07069190041273832,0.20138148329257965,0.1758642498007568,0.1758642498007568,,,
C,2,jpeg_compression,5,0.7225,1.1212920820236205,0.1727277287274599,0.4371143486022949,0.314886463448219,0.31345931926175835,0.01990000000000003,,0.07525204942610164
A,2,glass_blur,3,0.6221,1.6337590629577636,0.23852424482256174,0.6004576051712036,0.41975234003406947,0.41975234003406947,,,
C,2,zoom_blur,1,0.8865,0.45102950239479545,0.06624752829670906,0.183669790096581,0.1477026371501619,0.14885030322739332,0.009299999999999975,,0.07139069832529511
A,5,brightness,4,0.9344,0.2496626379966736,0.03705642137527466,0.10273828191757202,0.0888801627816516,0.0888801627816516,,,
C,5,snow,3,0.8463,0.647840494966507,0.0939894469037652,0.24949153814315797,0.18482274173255572,0.1852650200058444,0.013299999999999979,,0.07312669581323634
D1,2,frost,2,0.8631,0.5696558973312378,0.08775167448818684,0.2230148338317871,0.14905831355118426,0.18580110956789578,0.015499999999999958,0.07378461367082782,0.04623803726556482
A,2,contrast,1,0.9456,0.20508559331893922,0.030911951941251754,0.08541380345821381,0.07477379801615461,0.07477379801615461,,,
A,5,speckle_noise,1,0.8735,0.4956970122158527,0.07299770152419806,0.1991202902674675,0.16077199916017415,0.16077199916017415,,,
D1,3,zoom_blur,1,0.8874,0.4394461835861206,0.06815006042122841,0.18182724392414093,0.1347892851686047,0.1588727549756062,0.010700000000000043,0.06439932077229411,0.044115761913281426
A,3,fog,3,0.9201,0.31386512002944944,0.047138267773389815,0.1283851068019867,0.10336886781546928,0.10336886781546928,,,
C,1,glass_blur,4,0.5059,2.2561018753051756,0.31639436308294533,0.7826571229934692,0.5263276459330809,0.5147740136616805,0.035800000000000054,,0.07894048031128002
A,4,fog,1,0.9469,0.19892992534041404,0.02971722704768181,0.08475451589226722,0.0726827301059675,0.0726827301059675,,,
D1,3,gaussian_noise,5,0.2725,4.357880834197998,0.5985030355215073,1.2763268732070923,0.37281886659463054,0.4475526215743856,0.03620000000000001,0.18007982393178876,0.11778215412436406
A,5,brightness,1,0.9544,0.1826808385372162,0.024746426708996298,0.07527794029712677,0.06837057821260678,0.06837057821260678,,,
A,4,pixelate,1,0.9288,0.2601387682557106,0.038883578225970265,0.11161361305713653,0.10059858546339237,0.10059858546339237,,,
D1,4,motion_blur,5,0.6705,1.428326393890381,0.22311109512746333,0.5356462924957276,0.31457646549159546,0.37287170990762536,0.03359999999999996,0.1511266319879059,0.08449498840928825
D1,2,pixelate,4,0.6476,1.7051925682067872,0.26420406697541476,0.5920890189170838,0.263127675300074,0.32658236552982123,0.0373,0.13032127886668896,0.06783311800639671
D1,3,snow,3,0.8472,0.6251620678901673,0.09735370676219464,0.24574163937568663,0.16885766573965666,0.20689588571165224,0.016000000000000014,0.08247473420268896,0.05376972272224881
A,1,snow,4,0.8155,0.7396216231822967,0.11365887238383293,0.29435785961151123,0.21674978011561324,0.21674978011561324,,,
C,2,spatter,3,0.823,0.7167059801101685,0.10459856534749269,0.2805672200679779,0.22100844218027196,0.22004729372607543,0.014700000000000046,,0.07252849250886548
C,2,pixelate,5,0.4788,2.699917211341858,0.37862608964443206,0.8591776391506195,0.4195238391689025,0.41992594043756254,0.02310000000000001,,0.07385488911033966
D1,4,zoom_blur,4,0.7431,1.055500728034973,0.1641451544329524,0.4117718044281006,0.2763197613681725,0.32238769911642884,0.025699999999999945,0.13153833970802856,0.07310845301718134
C,2,contrast,2,0.9149,0.3407640746116638,0.04978725079894066,0.1391815261363983,0.10845798305863281,0.10941174168818106,0.007399999999999962,,0.06998897280697142
C,5,jpeg_compression,2,0.8081,0.7840341554641723,0.11812007499337196,0.307578898191452,0.2223353196617856,0.2229466546687938,0.014800000000000035,,0.07427606617450122
C,1,snow,5,0.7658,1.014798878288269,0.15030017291605471,0.3815577514648438,0.2570068001701613,0.25644061219612485,0.01539999999999997,,0.07515458504648585
A,5,zoom_blur,3,0.7883,0.8407501427650451,0.12773734966814518,0.33393440046310424,0.2523052853026456,0.2523052853026456,,,
D1,1,gaussian_noise,3,0.3819,3.4235079788208007,0.5011954227507115,1.0781369525909423,0.3387425287562015,0.42801290297021044,0.036800000000000055,0.16973432289173943,0.09720731067166759
A,4,motion_blur,1,0.911,0.3499779685974121,0.05027631953060627,0.14423726806640624,0.1209405824243091,0.1209405824243091,,,
C,5,jpeg_compression,1,0.868,0.5354070287704468,0.08035919006168843,0.21255106716156005,0.15755987248305756,0.15789989137195806,0.01090000000000002,,0.07260374302875548
D1,5,elastic_transform,1,0.9109,0.340221900844574,0.050154584142565725,0.14305270793437957,0.11967188046175142,0.13070798437331105,0.007000000000000006,0.054346901368743906,0.03607355814025138
C,1,gaussian_blur,5,0.3883,2.4433445655822754,0.36477372520267964,0.9247846038818359,0.7346926049497561,0.7067736379450885,0.04349999999999998,,0.09123275530003672
D1,4,snow,5,0.7778,0.9556151220321655,0.14600938227027654,0.36332259039878845,0.22867262840007316,0.2748102955137729,0.025399999999999978,0.11078232174677542,0.0606633180621143
D1,2,zoom_blur,2,0.8508,0.5964147388935089,0.09525465093255044,0.24162200751304627,0.16181347268993268,0.19601050525170577,0.015800000000000036,0.07886648935427025,0.05043271032531977
D1,1,gaussian_blur,1,0.9501,0.19873572137355805,0.030512681037187576,0.08275742332935333,0.06331161103530031,0.077091275988688,0.0038000000000000256,0.03098862863113148,0.019301670619800797
D1,4,brightness,4,0.9341,0.2596696856498718,0.040179888010025026,0.10699367935657501,0.08145475985133671,0.0946630698476627,0.006399999999999961,0.038684881191766184,0.02123858697235262
C,2,zoom_blur,3,0.8028,0.7933999059677124,0.1209174159064889,0.31462283527851104,0.23425667313019513,0.234333498532424,0.014700000000000046,,0.07423745255649432
A,3,contrast,1,0.9438,0.2163127197742462,0.03206239818930626,0.08971162612438202,0.07582864679093763,0.07582864679093763,,,
A,3,defocus_blur,4,0.7941,0.827479892539978,0.12426630891412496,0.3300590766429901,0.2439039700715948,0.2439039700715948,,,
D1,4,defocus_blur,5,0.5528,1.9975226915359496,0.29733025718331335,0.7211531959533691,0.43873098171192687,0.5155528017240227,0.04459999999999997,0.20959409540772903,0.11932146687163003
C,1,zoom_blur,2,0.8639,0.5215016998291016,0.07335386110991239,0.215782253074646,0.19358064034294803,0.19397594254623982,0.013700000000000045,,0.07533180151597384
C,3,defocus_blur,5,0.5704,1.8577711669921875,0.2919059499129653,0.6950317220687866,0.4162653741426067,0.407501782755577,0.028200000000000003,,0.08107914653350166
D1,2,fog,5,0.7505,1.0521940940856933,0.16569871519356966,0.4034154841423035,0.2519655186647724,0.3159735420606012,0.027800000000000047,0.12524051392473193,0.07883488710421867
D1,1,glass_blur,1,0.5963,1.8138582258224487,0.2826689545050263,0.6604680214881897,0.35813132048361,0.4731577758055355,0.04490000000000005,0.18446646104548126,0.10536869833152329
C,3,zoom_blur,4,0.7512,1.017704841041565,0.15844581798613072,0.3985611506938934,0.2754767057192803,0.2758840342584474,0.016900000000000026,,0.07688419076936419
D1,5,zoom_blur,4,0.7458,1.056142762374878,0.15978618006557227,0.406593936252594,0.2821241110735806,0.3061586625685799,0.02310000000000001,0.12783464243578926,0.08525836809186034
A,3,brightness,4,0.9329,0.2528959349632263,0.037645768970251084,0.10538590438365936,0.09196823245357227,0.09196823245357227,,,
A,2,impulse_noise,2,0.669,1.4753211959838868,0.21212151746451854,0.5304264423370362,0.35835196980642503,0.35835196980642503,,,
A,4,spatter,1,0.9261,0.28536608546227216,0.041419400641322136,0.11976985445516183,0.10550708310063638,0.10550708310063638,,,
C,1,motion_blur,2,0.8455,0.603194354391098,0.09030573881417513,0.24554915063381194,0.19550537880568883,0.19552419698491866,0.014700000000000046,,0.07533702686778003
C,1,snow,1,0.8961,0.4149141613960266,0.060190552361309525,0.16602419521808623,0.13596969791679586,0.1362993165499356,0.01100000000000001,,0.07265622205569074
A,2,glass_blur,2,0.6024,1.7340652652740478,0.2498431042775512,0.6302694699287414,0.4421189930549124,0.4421189930549124,,,
A,2,frost,5,0.6799,1.4190698509216308,0.20382551383674144,0.5127823027610778,0.3502940067403193,0.3502940067403193,,,
A,4,glass_blur,1,0.589,1.7623563550949097,0.25690540465414524,0.6433024991989136,0.45430960151811595,0.45430960151811595,,,
D1,2,saturate,2,0.9059,0.3765579553604126,0.0589106396228075,0.1522759033679962,0.10680321108412463,0.12958598473010643,0.009000000000000008,0.051989859084412456,0.03302501140297749
A,1,gaussian_noise,2,0.5805,1.9700636623382568,0.29572404605299235,0.6908811331748962,0.36216960006478477,0.36216960006478477,,,
D1,5,speckle_noise,2,0.7348,1.166701268196106,0.18067503660470247,0.43566149444580077,0.24813864065324598,0.27550030282618826,0.02090000000000003,0.11346850684030652,0.07496778785473414
C,5,defocus_blur,4,0.7879,0.8612922307014466,0.13575556298792363,0.3431398285865784,0.23363428347070003,0.2338360678496887,0.013700000000000045,,0.07593200284804698
D1,2,jpeg_compression,2,0.8137,0.764911509513855,0.12299828468561172,0.30434522466659547,0.19013471564903156,0.23834770097076544,0.018299999999999983,0.09441266050724273,0.059137856327038156
A,4,speckle_noise,3,0.6395,1.5948739786148072,0.24100771112143993,0.5813345348358154,0.3526366597198532,0.3526366597198532,,,
A,1,impulse_noise,5,0.2613,3.726627826690674,0.49291003204882144,1.1614813583374024,0.7094934736463707,0.7094934736463707,,,
A,2,zoom_blur,1,0.8976,0.39708788766860964,0.05624127318114042,0.1643414820432663,0.144673246159259,0.144673246159259,,,
C,1,snow,4,0.8115,0.7678115204811096,0.11631200557798148,0.2996119922637939,0.22128258611458587,0.22034064588647742,0.015700000000000047,,0.0748177975653171
D1,4,gaussian_noise,5,0.357,3.1875787353515626,0.4575351204842329,1.0476457393646241,0.5363157602166583,0.6492735600734449,0.0635,0.26042615102735384,0.13828389198349803
C,1,speckle_noise,4,0.5278,2.2625053073883055,0.3209727511942387,0.7625094861030579,0.44272806141598264,0.4457712983111269,0.022499999999999964,,0.07686241467288268
D1,5,gaussian_blur,3,0.8,0.8002396558761596,0.1263379480868578,0.3207261302471161,0.22172614857611478,0.24220321869280306,0.01629999999999998,0.10076488336129986,0.06974400435076923
D1,2,spatter,1,0.9214,0.3122713521003723,0.04873547801375389,0.12789517223834992,0.09323486580451718,0.11482069291197695,0.007900000000000018,0.045764404092466675,0.02914861309309641
A,4,speckle_noise,1,0.8608,0.5431151829510927,0.08117266765683889,0.21711051459908484,0.1749241784763537,0.1749241784763537,,,
A,3,fog,4,0.8889,0.42461179580688474,0.06630273313820362,0.17503607540130614,0.13646198522047198,0.13646198522047198,,,
A,4,saturate,4,0.9273,0.26966855217665436,0.041090491783618927,0.11382749263755977,0.09940627412324247,0.09940627412324247,,,
C,1,glass_blur,2,0.6143,1.7250848457336425,0.24512850828915833,0.6135278059959411,0.42209298991913674,0.4163709159626451,0.029000000000000026,,0.07753230577407964
D1,4,frost,3,0.7846,0.9195805633544922,0.1392037567049265,0.3476161239624023,0.226649317539006,0.2717947159052244,0.026000000000000023,0.10973627372836588,0.05970233455027888
A,3,shot_noise,1,0.8686,0.5257203716754913,0.07615152405202388,0.21224303448200227,0.16767283079054032,0.16767283079054032,,,
D1,2,speckle_noise,1,0.8758,0.509324607026577,0.07813394027650357,0.2028088586010039,0.14038043431637925,0.17329155245816802,0.01429999999999998,0.06925737635020342,0.04380280890572965
C,5,brightness,3,0.9415,0.23464295108318328,0.034590129324793814,0.0957954413175583,0.07679062250205025,0.07720647778614657,0.0044999999999999485,,0.06996198568391929
D1,1,zoom_blur,5,0.6468,1.5455601110458375,0.23280143809467554,0.5643754566192627,0.35387661959815886,0.4515986191947188,0.039100000000000024,0.1781518026546051,0.11489755598280797
D1,5,elastic_transform,2,0.9081,0.3602492422103882,0.05379048797786236,0.14825471596717835,0.11791290714650822,0.1283636733698484,0.00539999999999996,0.05342008352745712,0.03488265471529322
A,5,contrast,4,0.7869,0.8350067756652833,0.12526377092152835,0.33600541968345643,0.26627371632987634,0.26627371632987634,,,
A,3,gaussian_noise,5,0.2536,4.200695723724365,0.6157591078907252,1.3006127170562745,0.3995320847991039,0.3995320847991039,,,
D1,5,jpeg_compression,5,0.7239,1.1459130182266235,0.17284924267977475,0.4423339417457581,0.30684510252415204,0.34335058425436726,0.025800000000000045,0.14076281120034012,0.08456805480274238
A,4,defocus_blur,2,0.9347,0.24203971049785614,0.03727379274517298,0.1027783243894577,0.08784012097906961,0.08784012097906961,,,
C,2,glass_blur,2,0.5968,1.7822911224365234,0.26724396033138037,0.6461298787117005,0.4047423436634417,0.40081670894387644,0.020100000000000007,,0.07599636754012909
A,3,jpeg_compression,3,0.7847,0.8609038202285767,0.13031340287178755,0.34148466453552245,0.25454661735978446,0.25454661735978446,,,
A,2,pixelate,2,0.8772,0.4857487683296204,0.0705036535769701,0.19550910058021545,0.16378027397523984,0.16378027397523984,,,
A,2,fog,2,0.9386,0.23849447946548463,0.03529097387939691,0.09883399398326874,0.08377163763469435,0.08377163763469435,,,
A,1,gaussian_blur,5,0.3519,2.752299082183838,0.41501037034988403,1.0012365188598633,0.6896029716072372,0.6896029716072372,,,
A,5,snow,1,0.9022,0.398713978099823,0.05669235755205154,0.15623777091503144,0.12693967510620713,0.12693967510620713,,,
A,1,saturate,1,0.932,0.25983498306274416,0.03830649327784777,0.10844429666996003,0.09473830217995564,0.09473830217995564,,,
D1,4,fog,4,0.8905,0.4338913146972656,0.06872741198241711,0.17792549409866332,0.12385410666842363,0.1451944026507379,0.009600000000000053,0.05913958584983096,0.032919139836041854
D1,1,speckle_noise,5,0.3922,3.3190947284698487,0.47844658642709254,1.0407735145568848,0.37179791808494483,0.47431622020033537,0.039000000000000035,0.1873440190484912,0.10611652486612456
C,3,defocus_blur,3,0.8962,0.40993231077194214,0.06336634067595005,0.16802928380966187,0.12718173381765374,0.12796732607630257,0.008499999999999952,,0.072309700211716
D1,5,speckle_noise,1,0.8707,0.5220839008569718,0.0779984395056963,0.20834407021403312,0.1545070968116459,0.1684808823462605,0.011199999999999988,0.07013846242910853,0.04565722683111678
A,3,spatter,4,0.8569,0.6164245390892029,0.09041205521523953,0.2373950953245163,0.16247446629878687,0.16247446629878687,,,
A,2,speckle_noise,4,0.5106,2.478509479904175,0.3628986498296261,0.8208741583824157,0.3750664442595269,0.3750664442595269,,,
A,2,gaussian_blur,3,0.817,0.7154581354141235,0.10834388486891985,0.29137566776275636,0.22716822290241834,0.22716822290241834,,,
A,4,zoom_blur,3,0.8017,0.778238097000122,0.11375608814656735,0.3119163656711578,0.24952449894508172,0.24952449894508172,,,
D1,2,snow,1,0.8964,0.42319347577095034,0.06629936281740666,0.16869555888175963,0.11356170868522023,0.1399284770868253,0.008499999999999952,0.05582205949116372,0.035228633377867725
C,5,speckle_noise,2,0.7358,1.1642730895996094,0.17702596244364976,0.42728437142372133,0.25997970016131877,0.26260845485163736,0.014000000000000012,,0.07354371453677311
A,3,elastic_transform,1,0.9027,0.38065159792900083,0.05543331164121628,0.15467359340190887,0.12922880345273005,0.12922880345273005,,,
D1,4,shot_noise,5,0.4367,2.7561100479125975,0.3859037244647741,0.9032149383544922,0.5096492427464545,0.6196548488458619,0.060699999999999976,0.24820842224917192,0.1306162571800749
A,4,impulse_noise,4,0.3922,2.6797091987609862,0.3891821914583445,0.9439172245979309,0.6445880509073905,0.6445880509073905,,,
C,3,speckle_noise,5,0.4355,2.854854879760742,0.4015205965146422,0.9210483024597168,0.46872096818459685,0.4710062930343207,0.03159999999999996,,0.07567869484683044
D1,1,frost,5,0.68,1.441305221939087,0.21930296987593173,0.5250972371101379,0.3018670534616802,0.39603485728555243,0.035800000000000054,0.15473125005962987,0.08939191945430554
A,4,frost,2,0.8524,0.6048527671813965,0.08688040470182895,0.23633471584320068,0.18564165526702417,0.18564165526702417,,,
C,2,jpeg_compression,2,0.8143,0.7277044794082642,0.11262916928231716,0.2931716759681702,0.2229812100784329,0.22342165922163987,0.014800000000000035,,0.0729420327072602
C,3,motion_blur,5,0.6596,1.4441197208404541,0.22896984553933145,0.5489886646270752,0.338678842259862,0.33485320894531906,0.02190000000000003,,0.07819579252220453
D1,1,gaussian_blur,2,0.9014,0.3916333417892456,0.06077600483000278,0.16213054065704346,0.11910748032518022,0.1464453854848078,0.008399999999999963,0.058663583483976496,0.03757741072348764
D1,3,spatter,5,0.7784,0.995260633301735,0.15478762128949167,0.3732665864944458,0.2032054217824305,0.2497531749248039,0.021599999999999953,0.09954897430527976,0.061468471920664874
C,2,jpeg_compression,4,0.7694,0.9368167551994324,0.14035410442650317,0.36825758793354035,0.27415557926335604,0.2730361652550404,0.017000000000000015,,0.07420920277854566
A,1,shot_noise,5,0.3275,3.6423163188934327,0.5064373859450221,1.1206977012634278,0.4760583165224176,0.4760583165224176,,,
D1,5,zoom_blur,1,0.8897,0.4403609552383423,0.06217679771184921,0.17939269452095033,0.147438532780495,0.15856593141613412,0.010000000000000009,0.06640810076853426,0.04459426998268506
C,1,defocus_blur,3,0.8958,0.3989533977508545,0.06066914755403995,0.16580362401008605,0.13954154281575903,0.1398061684053726,0.010199999999999987,,0.07379220851246086
D1,2,jpeg_compression,3,0.794,0.8482635747909546,0.13604388933777808,0.336596488571167,0.20942441339174403,0.2628709598550864,0.018199999999999994,0.10405387387028313,0.06474641389475376
A,4,gaussian_noise,3,0.3638,3.151613465118408,0.48479797174483535,1.0637562252044677,0.4470654317308101,0.4470654317308101,,,
D1,5,impulse_noise,1,0.8273,0.715648085308075,0.10454582939445972,0.2768578832149506,0.20629701381506166,0.2288515301159292,0.019000000000000017,0.09426090993520532,0.04558810539408253
A,4,elastic_transform,5,0.7576,0.9612703845024109,0.14040782837718724,0.381338028049469,0.3042476085870352,0.3042476085870352,,,
C,2,speckle_noise,3,0.5885,2.110794746208191,0.30919165543317795,0.6948551342010498,0.3016907404218218,0.30620884636148693,0.015599999999999947,,0.0725944416327557
D1,3,fog,5,0.741,1.1329446902275087,0.1782201391220093,0.42573888120651243,0.2413070056737517,0.2918941920119687,0.025599999999999956,0.11706164915839229,0.07973837369355737
A,2,gaussian_blur,5,0.3999,2.7709789115905763,0.40372576312869785,0.9573352575302124,0.5830853498345648,0.5830853498345648,,,
A,3,speckle_noise,2,0.735,1.16179368724823,0.17607306866943837,0.4316611353874207,0.2667673041392234,0.2667673041392234,,,
A,4,pixelate,5,0.4564,2.8447498693466184,0.40769374990314244,0.9080721985816955,0.392379514677322,0.392379514677322,,,
C,5,glass_blur,2,0.6002,1.775479342651367,0.26105285971611736,0.6420489540100097,0.415511099604622,0.4147513056137133,0.02859999999999996,,0.07787125887222733
A,4,glass_blur,3,0.6244,1.5743032154083252,0.23650135486871005,0.5883996074676514,0.41300251746390715,0.41300251746390715,,,
C,2,defocus_blur,3,0.8953,0.42010482814311984,0.06383223597705365,0.16956186335086823,0.12875957126565044,0.12878011367449071,0.009199999999999986,,0.07094083411546412
A,5,zoom_blur,2,0.8523,0.5723882772445679,0.08391539246886968,0.2328045644760132,0.19179001963179326,0.19179001963179326,,,
D1,2,spatter,5,0.7571,1.0888939321994782,0.17221347578167914,0.40546380894184114,0.2117270679819747,0.2647581204342598,0.022299999999999986,0.10512716306898995,0.06354642744979758
A,1,gaussian_blur,3,0.7854,0.8225556335449219,0.12610090654045344,0.3396512005329132,0.27159208339755425,0.27159208339755425,,,
A,5,brightness,5,0.912,0.34577322273254396,0.05068031236231327,0.14120602807998658,0.11675845386820656,0.11675845386820656,,,
D1,4,elastic_transform,3,0.8717,0.5082827219009399,0.07673355788588523,0.20810839223861693,0.15671772963280672,0.18098135175629868,0.010600000000000054,0.07413852946818515,0.04220124690368097
A,4,contrast,2,0.9106,0.3587140402793884,0.053367735815048216,0.14685436887741088,0.11205295937538613,0.11205295937538613,,,
C,5,contrast,5,0.3034,3.0845064586639404,0.44156964218616485,1.0619122084617614,0.7543650118810183,0.7291839409539709,0.04930000000000001,,0.08766234431772398
D1,5,impulse_noise,2,0.673,1.4218896640777587,0.21394039700478315,0.5198518612861633,0.33867432286806287,0.37225276109024996,0.031100000000000017,0.15390790656334769,0.06106878127233134
A,3,defocus_blur,1,0.9474,0.20428739285469055,0.030049548962712287,0.0839259063243866,0.07199240465595795,0.07199240465595795,,,
D1,3,zoom_blur,4,0.7479,1.0733777585983277,0.16800270222425462,0.41271032853126527,0.25054828609511604,0.3011366404603468,0.025900000000000034,0.12099470644321408,0.08183080385324307
D1,1,brightness,5,0.9167,0.327331671333313,0.04914479874372482,0.1354790759563446,0.10623805904737092,0.1336424210972007,0.00880000000000003,0.053020226770688406,0.032604789379103785
D1,5,spatter,4,0.8668,0.5438425256252288,0.08079056010693311,0.21540632469654084,0.1588244336744596,0.1754865699799717,0.013299999999999979,0.0725437965996852,0.040376170887954484
A,3,speckle_noise,4,0.523,2.299656789398193,0.3386971061900258,0.7879773317337037,0.4112433849659108,0.4112433849659108,,,
D1,2,glass_blur,2,0.6102,1.7357824699401856,0.26667275184690953,0.6335783597946167,0.3621523850018275,0.46583364659325455,0.04600000000000004,0.1826921140929131,0.10812848390562023
A,1,contrast,1,0.944,0.2115389545917511,0.032830181416869164,0.08869929126501083,0.07537205650613178,0.07537205650613178,,,
A,5,fog,5,0.7258,1.1592862171173095,0.1803579603344202,0.44159683227539065,0.27859424147998213,0.27859424147998213,,,
D1,3,gaussian_blur,5,0.3773,3.055843509674072,0.4672156866520643,1.0336452493667603,0.4559671224025311,0.5652657110745553,0.05049999999999999,0.223770535154144,0.15434370709642045
D1,2,elastic_transform,3,0.8631,0.5417872837066651,0.08635520712435245,0.22042051768302917,0.15024637993201323,0.1814450069138431,0.01429999999999998,0.07308260641191688,0.04658327822357431
D1,3,motion_blur,5,0.6594,1.5354135341644286,0.2370251789599657,0.5642858850479125,0.3049886520788074,0.3710509545075416,0.02959999999999996,0.14818754548525806,0.10100765115435077
D1,1,defocus_blur,5,0.5504,2.0203931365966796,0.30432626274079083,0.7279910166740418,0.42370927194277175,0.5376825708166696,0.0464,0.2124743974827201,0.14316562053549786
A,4,jpeg_compression,4,0.7663,0.9312721380233765,0.1390346402928233,0.3699859966278076,0.28400912615344276,0.28400912615344276,,,
D1,3,elastic_transform,4,0.7936,0.8638750483512878,0.1339880329757929,0.33547630786895755,0.2161476799670607,0.2573308489347226,0.021499999999999964,0.10390585492585863,0.0704794996449672
A,1,motion_blur,5,0.6827,1.3140537622451782,0.20368196344077588,0.5082412369728089,0.3435941055679694,0.3435941055679694,,,
C,5,gaussian_blur,3,0.7811,0.8874765117645264,0.13597902247011662,0.35411529378890994,0.25321537550812356,0.253027384148282,0.01419999999999999,,0.0765163677122644
C,2,shot_noise,4,0.3612,3.7132478775024413,0.5208311772644519,1.1183189628601073,0.34589559074984866,0.35443900390206834,0.01629999999999998,,0.07327577926100448
D1,3,pixelate,2,0.8858,0.4628644181251526,0.06951947175562381,0.18464401683807374,0.13751018726279435,0.16679594422015362,0.01539999999999997,0.06681278038781892,0.04189688458838443
D1,2,zoom_blur,5,0.6184,1.7642871534347535,0.273937292227149,0.6329882814407348,0.31895351477475486,0.3964790307102201,0.03520000000000001,0.1577366574685453,0.09931150321614622
C,2,gaussian_noise,3,0.2868,4.380198550415039,0.59967707593292,1.2681721046447754,0.33232999635576854,0.3409471329961845,0.015199999999999991,,0.07282747785693207
D1,5,spatter,3,0.834,0.6693357168197632,0.09928242161422968,0.26627498972415925,0.2054604121767101,0.22998829384094568,0.01529999999999998,0.09426207951918282,0.049023381749630474
D1,4,jpeg_compression,5,0.7204,1.1742146839141845,0.1836291278332472,0.4514653462409973,0.28479925880509543,0.34088264038224586,0.02949999999999997,0.13747112508961873,0.07534782274913135
C,2,spatter,5,0.7643,1.083813084936142,0.15913748824894428,0.39317761142253876,0.2310179171281343,0.22911105194539413,0.013900000000000023,,0.07163724870552511
D1,2,speckle_noise,4,0.5219,2.4351979719161987,0.34760783931463957,0.7912907821655274,0.3771953329897893,0.47273249370184495,0.04039999999999999,0.1871039708576563,0.10860145123202469
A,5,frost,4,0.7641,1.0185408903121949,0.1462533268302679,0.37547710342407226,0.26810070007714676,0.26810070007714676,,,
D1,4,jpeg_compression,2,0.8109,0.7525504194259643,0.12226726031303406,0.304053443813324,0.19950766446153867,0.23580280529167502,0.016599999999999948,0.09559488153417962,0.053249860113689707
D1,2,shot_noise,5,0.3524,3.5474248153686525,0.48947669483423234,1.0841441392898559,0.45194886861164124,0.5601464760017348,0.04469999999999996,0.22217868279399797,0.1277228701784497
D1,3,defocus_blur,4,0.803,0.8300762140274048,0.13204743857383727,0.32622224750518797,0.19531877283620416,0.23111757972345803,0.016599999999999948,0.09352044448272888,0.06514361505294099
A,1,saturate,5,0.8887,0.44037573490142823,0.06594970460534096,0.17675522055625917,0.14048856038042576,0.14048856038042576,,,
A,2,shot_noise,5,0.3294,3.6594973808288573,0.52917688973099,1.1439919612884522,0.41412508346025717,0.41412508346025717,,,
C,1,fog,1,0.9492,0.19455380626916885,0.028554404839873315,0.08125283390283584,0.07355972686309542,0.07396651294863696,0.0038000000000000256,,0.07083854921052891
A,2,contrast,3,0.8787,0.4994156099319458,0.07413775191754103,0.19941987953186036,0.14695649727516283,0.14695649727516283,,,
C,5,motion_blur,2,0.8248,0.728704513835907,0.11311281506121158,0.28392035975456237,0.18970288115132716,0.19078203242501768,0.011900000000000022,,0.07403962287209216
A,2,spatter,4,0.8601,0.5585128913879395,0.08566315445601941,0.22680521159172057,0.16782126904640463,0.16782126904640463,,,
C,5,saturate,1,0.9276,0.2985905429363251,0.042783551678061485,0.11847714166641235,0.09361734281684331,0.0939446442952205,0.006299999999999972,,0.07046510607414892
C,5,spatter,2,0.8687,0.5445427057743073,0.08075195940881967,0.21320321493148803,0.15624088996125501,0.15503401377779083,0.011399999999999966,,0.07186022777958598
A,3,gaussian_noise,3,0.3717,3.368972085571289,0.5031394034013152,1.0888510974884034,0.3774529961819353,0.3774529961819353,,,
C,1,impulse_noise,2,0.6757,1.4263161209106445,0.20668140793144704,0.5173082104682922,0.3536656024168711,0.34736295904087017,0.031299999999999994,,0.07634757738440548
A,4,snow,4,0.8139,0.7664171506881714,0.1142502204015851,0.29862531118392943,0.21969871787588635,0.21969871787588635,,,
A,2,motion_blur,4,0.7666,0.9547843599319458,0.14398671704232693,0.3734897282600403,0.26981221964732977,0.26981221964732977,,,
A,2,saturate,2,0.9079,0.3532098114013672,0.053391226705908776,0.14508970267772675,0.1218461520528188,0.1218461520528188,,,
A,1,pixelate,5,0.4574,2.8711265209197996,0.4096679387196899,0.9145572998046875,0.3865645842444443,0.3865645842444443,,,
A,3,brightness,2,0.9461,0.20769097003936768,0.03062881437242031,0.08581547615528107,0.07479765973227186,0.07479765973227186,,,
D1,1,motion_blur,4,0.7751,0.9786308149337769,0.14937100752145052,0.37144389748573303,0.2260790044662863,0.2863342286085972,0.021199999999999997,0.11331272118576792,0.072361103865779
D1,2,brightness,1,0.9493,0.2032979721069336,0.03094486663341522,0.08414567112922669,0.06317390315154917,0.07538029953110381,0.0047000000000000375,0.030472026857686917,0.019594846577327796
A,1,gaussian_blur,4,0.6314,1.4640259300231933,0.21924972737431525,0.5784815289497376,0.4482397572319489,0.4482397572319489,,,
D1,1,pixelate,2,0.8795,0.4840943922996521,0.07555934166610241,0.19425667390823365,0.1403415109212656,0.1790498762819014,0.015199999999999991,0.0707867220222722,0.04039504138593952
C,1,pixelate,2,0.8822,0.4684358792304993,0.06586115378439426,0.18664840331077576,0.16338753459417057,0.16413855406489894,0.009499999999999953,,0.07328025446427472
A,1,speckle_noise,4,0.504,2.4298436054229735,0.35017311043590305,0.8069961802482605,0.4263258883007278,0.4263258883007278,,,
C,1,gaussian_blur,1,0.9499,0.19337357068061828,0.028507910680770875,0.08046408402919769,0.07028505591246795,0.07042774849181588,0.0040000000000000036,,0.07074001091142527
C,3,spatter,2,0.858,0.600227570438385,0.08621340360194445,0.23299357857704162,0.17255000099914614,0.17149840434390062,0.012800000000000034,,0.07199911462654784
D1,2,zoom_blur,3,0.7909,0.8761848918914795,0.13863401890993118,0.3406378689289093,0.21046709203432548,0.2575975103922072,0.02100000000000002,0.10326052215329255,0.06582074404390352
C,2,speckle_noise,1,0.8576,0.5882470157146454,0.08745423045307398,0.22893753986358642,0.16630596372020665,0.1681143311848311,0.009199999999999986,,0.07036894763011309
D1,3,elastic_transform,1,0.9057,0.3495598337650299,0.05598305016458034,0.14885127556324004,0.11723140409014304,0.13917498691455113,0.009800000000000031,0.05621488005014689,0.03815178074516768
D1,2,jpeg_compression,5,0.727,1.1471125764846801,0.18286758165359496,0.44250676012039186,0.26715788212065816,0.33851282765805957,0.030100000000000016,0.1334197675020628,0.08234420779635507
C,2,brightness,2,0.9489,0.20326588146686553,0.028822839817404747,0.08372824128866195,0.07132527128378861,0.07190736244758592,0.0041999999999999815,,0.06836966374596916
A,2,frost,2,0.8735,0.5154877997398376,0.07190134628117084,0.20398602969646454,0.169143390298546,0.169143390298546,,,
A,5,glass_blur,3,0.6411,1.5561934398651123,0.22799065882265568,0.5706508576869964,0.3916447015432903,0.3916447015432903,,,
D1,4,motion_blur,1,0.9112,0.3519735851764679,0.05288411796987057,0.1443412695169449,0.10923904307029443,0.12523949329641765,0.006900000000000017,0.05145349378783528,0.02879749165590043
C,2,shot_noise,3,0.4522,3.0112163074493408,0.43488747904896735,0.9453975612640381,0.33126953701472667,0.338607546858702,0.015499999999999958,,0.07312194145878352
D1,3,shot_noise,2,0.7869,0.942382735824585,0.14418611471951007,0.3489060435295105,0.20510209595203632,0.24771500096618548,0.020000000000000018,0.0995347725251891,0.06553625007881955
A,4,defocus_blur,1,0.9493,0.19114772492051124,0.02714588821530342,0.08099957565665244,0.07318756224264798,0.07318756224264798,,,
C,3,gaussian_noise,1,0.792,0.8871160593032837,0.1345338101282716,0.33774812092781065,0.21750966538363137,0.22094740575143368,0.01639999999999997,,0.07287960113484562
D1,3,gaussian_blur,1,0.9491,0.19082463834285737,0.02997271145284176,0.08125579297542572,0.06645546078136831,0.07786869702308177,0.005099999999999993,0.031631109777777604,0.0215231967861127
D1,2,brightness,3,0.9408,0.23899188313484193,0.037118581089377406,0.09838954830169677,0.07093084135126555,0.08549526684879966,0.005299999999999971,0.03442351178792451,0.02211235251876076
D1,2,impulse_noise,1,0.829,0.7323424553871155,0.11478074126392603,0.2817065590143204,0.171073883160096,0.2150202797001519,0.01739999999999997,0.08516682979772013,0.05224304632056339
A,1,contrast,5,0.3398,2.9008685134887697,0.4008248434111476,1.003822700881958,0.7640900819249917,0.7640900819249917,,,
C,3,pixelate,4,0.6725,1.5626400382995604,0.2272729208663106,0.5378559026718139,0.29811412663531955,0.2999582719953847,0.01980000000000004,,0.0734447778466777
A,2,spatter,1,0.9246,0.29208719625473023,0.041931356292963025,0.12125308524370193,0.10693209631091886,0.10693209631091886,,,
C,3,elastic_transform,3,0.8685,0.5055553157806396,0.07957467500567436,0.209064866733551,0.1599046394820296,0.16108144989300344,0.009700000000000042,,0.07318175577580233
D1,2,pixelate,2,0.8732,0.5053129239082337,0.08033382810950279,0.20242332918643952,0.1418744265516987,0.17621046026415424,0.016800000000000037,0.07005720291369265,0.040963454771713655
D1,4,snow,4,0.8198,0.7513206985473633,0.11535583550333976,0.29516971464157105,0.19547445776922104,0.2343808698730456,0.018399999999999972,0.09448088639403383,0.051741453203421
A,2,defocus_blur,5,0.5754,1.8106029644012451,0.27563341854661705,0.6766674976348876,0.4473653908355569,0.4473653908355569,,,
C,3,glass_blur,2,0.5771,1.957910549545288,0.28583439435511826,0.6817462093353271,0.40722039207707855,0.40211860355698736,0.0252,,0.07706078346941238
D1,2,impulse_noise,2,0.7009,1.3091006083488463,0.203894969907403,0.49022868828773497,0.28578653011161953,0.3680628901409043,0.03620000000000001,0.14439606511417757,0.0848652311874832
D1,3,zoom_blur,2,0.8604,0.5529645091056824,0.08619903437495231,0.22436716403961182,0.16071439550337963,0.18995411990390276,0.013700000000000045,0.07695963484887615,0.052617018683550364
A,3,motion_blur,2,0.8422,0.6548362595558167,0.09465197451263666,0.25562473373413086,0.19196830801828765,0.19196830801828765,,,
D1,1,contrast,1,0.9476,0.21134558005332946,0.031038045978546144,0.08732202894687653,0.06839628246175998,0.08372608649758913,0.0041999999999999815,0.03357562427386123,0.020838515690652686
C,1,jpeg_compression,5,0.7348,1.077482176399231,0.1619392986148596,0.4237659405708313,0.3162968188819243,0.3149593713812763,0.02190000000000003,,0.07796137069574283
C,2,saturate,5,0.896,0.4120546226024628,0.06080179758667946,0.1656300966501236,0.13415345481199328,0.13394724065036281,0.009399999999999964,,0.06986338564492388
A,5,shot_noise,1,0.8712,0.49967390391826627,0.07453933048695326,0.20238012045621873,0.16479831985967466,0.16479831985967466,,,
D1,5,contrast,3,0.8724,0.5112189179420471,0.08073002783060074,0.20871112644672393,0.1436802636434848,0.1584023804173863,0.008499999999999952,0.06558579868162584,0.04088415934166966
D1,1,gaussian_blur,3,0.8073,0.7774755504608154,0.12157990460991859,0.31127659311294553,0.21194495493916912,0.2628728787189815,0.021399999999999975,0.10491587664692537,0.06868893364788811
A,5,jpeg_compression,3,0.7952,0.8214849460601806,0.11933892833739519,0.32811428413391114,0.25783178170559695,0.25783178170559695,,,
A,5,shot_noise,2,0.7846,0.9058401762962341,0.1359461483553052,0.343091698551178,0.2349203325615439,0.2349203325615439,,,
C,2,defocus_blur,5,0.5675,1.8806513576507569,0.29485444788485765,0.7005672710418701,0.4147734215346398,0.40869284863393984,0.029900000000000038,,0.07979183566197678
D1,3,speckle_noise,3,0.6672,1.5812938634872435,0.23878663977086545,0.551496771812439,0.27520075451615555,0.33467102177986235,0.02959999999999996,0.13409540729439082,0.08615540483848583
C,5,snow,4,0.8186,0.7712723446369171,0.1141229865372181,0.29561520669460295,0.20602806754229241,0.20705026777562452,0.011800000000000033,,0.07378585448089499
D1,2,gaussian_noise,5,0.2777,4.094741415405274,0.559890103085339,1.2185396282196046,0.4605057027147006,0.5636121245932038,0.04590000000000005,0.2244511122364352,0.1312209688468665
A,2,frost,4,0.7724,0.9624820559501648,0.13876537963598967,0.36303373165130615,0.2710608983624959,0.2710608983624959,,,
D1,3,snow,4,0.8237,0.7356900932312012,0.11403747072964907,0.2868838920593262,0.18939537780174287,0.2340736536571465,0.01749999999999996,0.0929227812155043,0.06048580759395795
C,2,gaussian_blur,2,0.8944,0.42412040579319,0.06450945364236832,0.17131063570976257,0.1298557867884054,0.12987679748906522,0.009600000000000053,,0.0709803419821252
C,1,saturate,2,0.9138,0.34427019348144533,0.04831966429501772,0.13828452328443527,0.11951252936052333,0.11959923870820204,0.008099999999999996,,0.0723654899510541
C,5,shot_noise,5,0.2994,3.974951763153076,0.5495719866007567,1.1915201364517212,0.4326910192157724,0.42812749979201764,0.033299999999999996,,0.07564783989657532
D1,4,gaussian_blur,4,0.6554,1.4644208625793458,0.2223418118402362,0.5511711211204529,0.35932609673496335,0.4201376142793684,0.0393,0.17130776090177532,0.098157303200309
D1,5,speckle_noise,3,0.6605,1.537947413635254,0.23775498767644168,0.5546053434371948,0.2998456632906222,0.33378213218626335,0.02210000000000001,0.13715402974714766,0.08991085415262257
D1,3,shot_noise,3,0.5535,2.267012034225464,0.3387826017230749,0.7586831970214843,0.3135609132235841,0.37867083190583506,0.035599999999999965,0.152215032633199,0.09752656115973307
D1,2,gaussian_blur,2,0.8892,0.4397500870704651,0.0703039459913969,0.180317156291008,0.12308841799898364,0.14723352832972306,0.013499999999999956,0.059566094102398104,0.038311513507837125
A,5,pixelate,5,0.4715,2.839960940170288,0.392841646464169,0.8837490989208221,0.39397689052351637,0.39397689052351637,,,
C,1,fog,4,0.8912,0.4103930850982666,0.06339103488326073,0.17164758400917055,0.14200455656323466,0.14221235402858,0.010099999999999998,,0.07360862652324197
D1,3,motion_blur,2,0.8337,0.680395318698883,0.10874629001319408,0.26896492471694944,0.17250310766465263,0.20526901926318533,0.013599999999999945,0.08288722797698672,0.05667065719070696
C,5,speckle_noise,1,0.8704,0.5282467240154743,0.07799015624821186,0.20816602705568074,0.15787541725118645,0.15881713373692766,0.009099999999999997,,0.07167817488196966
A,4,brightness,4,0.9339,0.24847711746692658,0.03743908452987671,0.1037644223690033,0.09010305138674449,0.09010305138674449,,,
D1,5,jpeg_compression,4,0.7658,0.9674319641113281,0.1455729594156146,0.3789945439338684,0.26502840697236824,0.29707910732442394,0.018299999999999983,0.12173049510923835,0.0747583087854841
C,3,motion_blur,4,0.7621,1.0164899099349975,0.15146070739775896,0.3885835856437683,0.26228870317757247,0.2623623407672625,0.018199999999999994,,0.07602570287947541
A,3,saturate,4,0.9274,0.28687931084632873,0.041611833104491236,0.11827003813385964,0.09752526436670741,0.09752526436670741,,,
C,1,fog,2,0.9392,0.23684747788906096,0.03447267986834049,0.09879287227392197,0.086893658497656,0.08762991941876971,0.005900000000000016,,0.07156701573033643
A,2,glass_blur,4,0.4901,2.2789927089691164,0.3318263588756323,0.7993047492027283,0.5334397944191529,0.5334397944191529,,,
D1,5,defocus_blur,2,0.9413,0.2397663830757141,0.034189653429389,0.09794815227985382,0.07901661836208368,0.08560649647897808,0.0027000000000000357,0.035762511500515876,0.023681970916422834
C,1,gaussian_blur,4,0.6573,1.3299396558761596,0.19924409197717904,0.5303866773605347,0.4327394767286023,0.4257759761445981,0.03069999999999995,,0.08302920478257113
D1,3,shot_noise,5,0.3392,3.745635720825195,0.5209270506918431,1.1353810508728028,0.4000523320182168,0.48448545804223103,0.03990000000000005,0.19432645342059915,0.12524202043355978
A,4,shot_noise,3,0.5223,2.2242332708358763,0.34020978506207467,0.7862552965164185,0.4052557192702661,0.4052557192702661,,,
A,1,fog,4,0.8879,0.4364113610506058,0.06639432210177183,0.1796952817440033,0.1416523875713232,0.1416523875713232,,,
D1,3,contrast,4,0.7805,0.8783812248229981,0.14346705923825503,0.34944496994018553,0.22350711556208552,0.2725051094328868,0.02100000000000002,0.10860584787878906,0.07372939944737487
A,1,speckle_noise,3,0.6489,1.6103803522109985,0.2370161522552371,0.5683165924072265,0.3383375390916597,0.3383375390916597,,,
D1,3,speckle_noise,2,0.7469,1.162400037574768,0.17679244475960731,0.41730503747463227,0.22707029210561597,0.2755977050543326,0.02400000000000002,0.11047036599704442,0.07188133374191918
D1,3,elastic_transform,5,0.7531,1.0063308059692382,0.15774423502385615,0.39586948432922364,0.26530854080967836,0.32286895757301826,0.028299999999999992,0.12915047390602316,0.08565652001833406
C,1,frost,3,0.7767,0.9582676237106323,0.13933578201532365,0.35685108766555784,0.25527545807793506,0.2548036761177063,0.014700000000000046,,0.07475150127679457
A,4,impulse_noise,5,0.2296,3.7791713523864745,0.5530878002151847,1.2381168235778808,0.6374542558053276,0.6374542558053276,,,
A,5,fog,4,0.8906,0.4215077491760254,0.06319742903709412,0.1736069727420807,0.13973641602551215,0.13973641602551215,,,
A,4,speckle_noise,5,0.3706,3.080971617126465,0.45718723479658363,1.03211875705719,0.5049687145086879,0.5049687145086879,,,
D1,5,brightness,5,0.9152,0.3256182336807251,0.04995644538402557,0.1351732994556427,0.10853260682438559,0.119997192878263,0.005700000000000038,0.049608495458153386,0.029781941966207693
C,2,saturate,4,0.9291,0.2824285815238953,0.04074385822117329,0.11598881976604462,0.09585437837658684,0.09639091804724594,0.00660000000000005,,0.06888292616004131
A,4,gaussian_blur,3,0.7877,0.8493589519500733,0.1295440136834979,0.33892082805633544,0.24410823393542377,0.24410823393542377,,,
C,3,fog,2,0.9376,0.2531177956581116,0.0350299801081419,0.10254381823539734,0.08675356997204363,0.08805623661840219,0.005900000000000016,,0.07029662276480982
C,5,gaussian_noise,2,0.5722,2.057486036491394,0.30925719001740215,0.7095791776657104,0.3466669322307542,0.35216971330067315,0.023900000000000032,,0.07516177723730912
C,3,saturate,1,0.9305,0.2772584159851074,0.040048891630768774,0.112987704205513,0.09307771476248163,0.09390840376302949,0.005700000000000038,,0.07022904772648973
C,3,spatter,5,0.7736,1.043531218957901,0.15468104848116637,0.37696679916381837,0.21527030001962558,0.21386588685797178,0.01629999999999998,,0.07245145295580835
D1,5,contrast,1,0.9486,0.21348519978523253,0.030378282046318053,0.08546033440828324,0.06814213431156822,0.07445400451409515,0.0020999999999999908,0.030981734739785074,0.020042389820173364
A,5,gaussian_noise,3,0.3917,3.1452843025207518,0.4504943102940917,1.007312795829773,0.4537053958160919,0.4537053958160919,,,
A,1,brightness,1,0.9504,0.191675777554512,0.028655645409226417,0.08026687656641006,0.06954404854752065,0.06954404854752065,,,
C,3,pixelate,3,0.8346,0.6823067445755004,0.1004644585058093,0.2603200149536133,0.19608943928593653,0.19683001921896356,0.01639999999999997,,0.07238546209500078
D1,5,defocus_blur,5,0.5723,1.8602927669525147,0.28057940355986355,0.6860612987518311,0.4346976979057654,0.484219829595706,0.04090000000000005,0.19940924123255535,0.13845014727726057
C,1,fog,5,0.7483,1.0335271240234376,0.16160406763106586,0.40339388008117677,0.2754841406181047,0.27210422245062654,0.01870000000000005,,0.07775309124598162
A,5,gaussian_noise,5,0.2583,4.194598425292969,0.5683309438347817,1.2383957023620606,0.48591005965744843,0.48591005965744843,,,
D1,3,frost,2,0.8643,0.551002056312561,0.08602745786905289,0.21947824664115906,0.15205703538421075,0.1863155050774396,0.013800000000000034,0.07439246898493972,0.04957156641178284
D1,5,impulse_noise,3,0.5589,2.0210332354545595,0.29026193847507237,0.7025980955123902,0.4411378687152348,0.4813996280564897,0.0393,0.19951827665608776,0.07244395723189005
A,3,snow,5,0.7695,0.9730062147140502,0.14215714969038964,0.36769252500534055,0.26374843269714326,0.26374843269714326,,,
D1,4,shot_noise,4,0.5497,2.1096529232025145,0.3017276922225952,0.7215792245864868,0.42876693965746965,0.517530174956104,0.05400000000000005,0.20798520489918934,0.1109256124346082
A,2,zoom_blur,4,0.7629,0.9569021617889404,0.14048934496343135,0.378607839679718,0.29387368992912816,0.29387368992912816,,,
D1,2,saturate,1,0.931,0.28460141563415525,0.042058102449774745,0.1144251124382019,0.08348115048736508,0.10021416729240737,0.007099999999999995,0.04043901553775067,0.02591608494073482
A,4,pixelate,4,0.6549,1.6233100622177123,0.2409571984142065,0.5683960370063782,0.3076765943247505,0.3076765943247505,,,
D1,1,impulse_noise,4,0.3888,2.965865604400635,0.44088486910909414,0.9933476953506469,0.5016954547162051,0.6625800744142151,0.0595,0.2581724042422681,0.12513051561774555
D1,3,contrast,3,0.8767,0.4923929249763489,0.07887950450181962,0.19889348521232605,0.13473495871273916,0.16216850141562172,0.011600000000000055,0.0651402985493051,0.044345754194528526
A,4,spatter,5,0.7425,1.2305850351810455,0.17862320012003183,0.43241603119373323,0.2377556277107389,0.2377556277107389,,,
D1,3,motion_blur,3,0.749,1.0926991334915162,0.1683379214435816,0.41007684650421145,0.24269800797404606,0.29107201989303577,0.023900000000000032,0.11707799434682432,0.08015200337669964
A,4,elastic_transform,2,0.9055,0.36582266693115234,0.055164671589434146,0.15268406240940094,0.1253556173033634,0.1253556173033634,,,
D1,1,shot_noise,3,0.547,2.2985962697982787,0.3468887877494097,0.7703172080039978,0.3134344905100996,0.4007847045311937,0.0353,0.1583293157556138,0.09062112146598285
C,1,shot_noise,5,0.3546,3.298265643692017,0.46509982533156874,1.0537002193450928,0.5169227455849875,0.523994468697277,0.01870000000000005,,0.07767060610979526
A,2,pixelate,1,0.931,0.26299732670784,0.037300466215610506,0.1094076721906662,0.10168366447757363,0.10168366447757363,,,
D1,4,glass_blur,1,0.6144,1.7024303804397583,0.2539731366455555,0.6176517464637756,0.3878107238486409,0.4816710144499899,0.05630000000000002,0.19159764145523273,0.09951266877799192
C,3,snow,4,0.8098,0.7865925984382629,0.11910607974529266,0.30294982085227967,0.214394714002643,0.2140183108888159,0.015499999999999958,,0.0735022694135604
A,4,zoom_blur,1,0.8875,0.42512731223106387,0.0635553154528141,0.17758696336746216,0.15217463504790213,0.15217463504790213,,,
D1,1,fog,3,0.9216,0.3042838129520416,0.046925380757451056,0.12640071940422057,0.0979628518452344,0.12178598336487485,0.006800000000000028,0.048550611245023904,0.030131880294369372
A,2,contrast,4,0.7854,0.9001716871261597,0.13605875052362681,0.35086287212371825,0.24173371619268436,0.24173371619268436,,,
A,5,snow,4,0.8229,0.7185209259986878,0.10642500912249088,0.2835415953159332,0.2163260024069139,0.2163260024069139,,,
C,1,spatter,2,0.8654,0.550889682006836,0.07968558890372515,0.21689330534934997,0.17054552719962668,0.16933832291006692,0.013800000000000034,,0.07329403463341773
C,5,motion_blur,1,0.903,0.38802578854560854,0.05732479139864445,0.15755833446979522,0.12189400244521967,0.12284388572052703,0.007099999999999995,,0.07175330842150673
A,2,motion_blur,5,0.675,1.3765552074432372,0.20838050638735295,0.5189505666732788,0.351702224123117,0.351702224123117,,,
D1,1,glass_blur,4,0.4829,2.414861653137207,0.37426799198836086,0.8460249042510987,0.4195457517845556,0.5576042300235596,0.052100000000000035,0.21694076878592314,0.11972905141484946
A,4,elastic_transform,1,0.9061,0.3511673051357269,0.05269508576095104,0.14869565439224244,0.12745103943180583,0.12745103943180583,,,
A,3,contrast,2,0.9118,0.33765975570678713,0.05399806910157204,0.14159138078689576,0.10956905658094619,0.10956905658094619,,,
C,5,jpeg_compression,4,0.7634,0.9711006771087647,0.14667953854054214,0.3785897946357727,0.2720865742652677,0.27147041454586435,0.01749999999999996,,0.07557812341547782
D1,3,glass_blur,1,0.5751,1.9263558544158936,0.29667475690841677,0.6902177948951721,0.37619338889787324,0.47577589725455616,0.049799999999999955,0.18722534251111597,0.11576938252991664
D1,2,saturate,3,0.946,0.21313776762336492,0.033029531633853915,0.08893254670333117,0.06679257975029759,0.08019468797372246,0.0048000000000000265,0.03236074851170658,0.02076926760316447
A,4,shot_noise,5,0.3099,3.4900430118560792,0.5226509461343288,1.1522213537216186,0.4918503807233996,0.4918503807233996,,,
D1,1,contrast,2,0.9155,0.33081319551467897,0.05170390957146883,0.1369568506717682,0.1015193790797799,0.12612927867146645,0.007399999999999962,0.050295163676815226,0.03123046735371629
D1,1,motion_blur,2,0.8548,0.5988786814689636,0.09079394970834255,0.23630222446918486,0.16297146767164813,0.2026947268493008,0.014100000000000001,0.0807636254812455,0.05129601554239391
D1,5,frost,3,0.777,0.957316166305542,0.14059508338868618,0.3608300940036774,0.24540958718918554,0.27215987961272187,0.020000000000000018,0.11221904923104253,0.06791144548737414
A,2,gaussian_noise,2,0.5754,2.07475520401001,0.3112306397855282,0.7136063590049744,0.3343763442015974,0.3343763442015974,,,
D1,4,pixelate,5,0.4589,3.06023895072937,0.429383415850997,0.9336168174743652,0.32308895693589,0.4009014194018033,0.0474,0.1601054467807873,0.07644072488760047
A,1,defocus_blur,5,0.5524,1.7881779541015626,0.27344634336233137,0.6937036560058594,0.5196260015333654,0.5196260015333654,,,
C,5,snow,5,0.771,0.985706673669815,0.14876454322934152,0.37277539360523226,0.2441960774649342,0.24532824387474975,0.014599999999999946,,0.07462164969946324
A,5,glass_blur,4,0.5077,2.297433917236328,0.32112632704824207,0.7840471185684205,0.5049761133509048,0.5049761133509048,,,
D1,1,pixelate,4,0.6711,1.5412922327041625,0.2378996371001005,0.5457121869564057,0.27090380942575865,0.3506271914061217,0.036900000000000044,0.13801123963910797,0.0714803522828278
C,1,defocus_blur,4,0.8055,0.7566786783218383,0.11488800467252731,0.30990963535308835,0.24645081935041818,0.24597086241459765,0.01770000000000005,,0.07752109141926455
D1,1,elastic_transform,5,0.7677,0.9340848915100097,0.1453708200082183,0.3712728506088257,0.25993663523048743,0.3347840024618781,0.027200000000000002,0.1316868062823875,0.08075139849571368
D1,3,brightness,4,0.9326,0.2556026192188263,0.03986750199198723,0.10692456979751587,0.08542173124133842,0.10227035226188018,0.007199999999999984,0.041163971533799,0.02789739806280408
D1,4,speckle_noise,4,0.5873,1.9731384422302245,0.2725698477983475,0.6625748147964478,0.40581957871850466,0.49412524457608525,0.04830000000000001,0.19802983682700528,0.10396627295711573
C,3,contrast,2,0.9099,0.3599145450592041,0.05471209080517292,0.14481525144577026,0.11098553758228082,0.11262531424584449,0.006299999999999972,,0.07155926737355105
A,5,glass_blur,5,0.529,2.1253545009613037,0.3055113441646099,0.744113509941101,0.4907970667867863,0.4907970667867863,,,
A,4,defocus_blur,3,0.8902,0.4211112313270569,0.06445272795557976,0.17644685735702514,0.13912708511875244,0.13912708511875244,,,
C,3,zoom_blur,3,0.8119,0.7558191413879395,0.11148460478782654,0.30155850477218626,0.2312115944659803,0.2324334854887973,0.016599999999999948,,0.075541324710403
C,1,jpeg_compression,1,0.8729,0.5018559081077576,0.0733834454447031,0.2027848683834076,0.1656823629613442,0.16552134018687065,0.010099999999999998,,0.07374568463774507
C,5,saturate,5,0.8935,0.4326555061459541,0.06333060672134161,0.17119707124829292,0.13436520849268999,0.13429383534821826,0.009000000000000008,,0.07132406401825277
D1,3,impulse_noise,1,0.8398,0.6807562438189984,0.10321684024333953,0.2645029883950949,0.17415176345274666,0.21438807411288144,0.01759999999999995,0.08529410329718085,0.05341639482677516
D1,4,fog,1,0.9499,0.20213358581066132,0.03134662697315216,0.08345322815179824,0.0640627980865771,0.07344111462352448,0.0032999999999999696,0.03017744259042665,0.016721707935168705
D1,5,defocus_blur,3,0.8967,0.398064151763916,0.061438103753328324,0.1636430575609207,0.12824455794708337,0.13883707821326097,0.008099999999999996,0.0579889144027402,0.0398876748862815
C,5,saturate,3,0.9482,0.1998984892308712,0.02878386036157608,0.08331927317734808,0.0732205381257867,0.0733781516835501,0.005499999999999949,,0.06955761023937791
C,5,impulse_noise,2,0.6714,1.4599090175628662,0.21245134151428938,0.5286998205661774,0.3484796603180177,0.34247339159849216,0.025599999999999956,,0.07515577689698939
D1,5,saturate,5,0.8956,0.4150114688396454,0.0622588781774044,0.16739699811935424,0.12974670346136408,0.1445342879609845,0.009700000000000042,0.05947860688479898,0.03515992292568293
A,4,brightness,3,0.9409,0.21978054461479188,0.03325838396549225,0.0933242819070816,0.08095270510146947,0.08095270510146947,,,
C,1,zoom_blur,5,0.645,1.4332906663894653,0.21916669495254756,0.5555598066329956,0.41181233073567275,0.4047631801990676,0.026800000000000046,,0.08176786166247385
A,2,elastic_transform,2,0.908,0.3458337963104248,0.054210147538781166,0.14566891021728515,0.12083562465708238,0.12083562465708238,,,
D1,4,speckle_noise,3,0.7007,1.3605611100673676,0.2012921853646636,0.48566119692325593,0.2920097890357138,0.3529588628332305,0.03259999999999996,0.1419267929125393,0.07665375670172948
A,4,frost,3,0.756,1.0234588037490844,0.1484742013245821,0.38747336502075197,0.28710186325277026,0.28710186325277026,,,
A,2,defocus_blur,2,0.9398,0.23716590313911437,0.03500779609382153,0.0986132054567337,0.0832011423703283,0.0832011423703283,,,
C,3,impulse_noise,4,0.4361,2.5900215728759766,0.3718349742859602,0.8889604135513306,0.5686583955550392,0.5537889351255726,0.03590000000000004,,0.07857920140262874
C,3,gaussian_blur,5,0.3932,2.788899185180664,0.4298090769961476,0.9831896806716919,0.5350287031332264,0.5133607053952001,0.034399999999999986,,0.08431625253609082
A,5,zoom_blur,1,0.8856,0.4385800798416138,0.06257477875649929,0.18100886986255646,0.15716700446667237,0.15716700446667237,,,
C,3,motion_blur,1,0.9131,0.3495848138809204,0.05024340526759624,0.1415963602542877,0.11591463382116053,0.11700708677132207,0.007499999999999951,,0.07139046909437584
D1,3,snow,5,0.7818,0.9271666063308716,0.1441737697839737,0.35414216947555544,0.2213497932430764,0.2748039627775608,0.021700000000000053,0.10901294027682211,0.07030100405524484
C,1,brightness,1,0.9518,0.19168465769290924,0.026385901676118373,0.079150498431921,0.07113297684225399,0.07154536476951907,0.0040999999999999925,,0.0705749192088009
D1,5,zoom_blur,2,0.8593,0.5487898073196411,0.08199588921666146,0.22346093890666963,0.17702925957111293,0.19118743929133344,0.0131,0.07996261321387187,0.05428466019995593
D1,1,gaussian_blur,5,0.3777,2.973840894317627,0.4273837492257357,0.9950164108276367,0.5525325143797206,0.7122372753295582,0.0676,0.27940319867201424,0.19230242602374312
C,5,gaussian_blur,1,0.9497,0.19972439630031585,0.028576840141415597,0.082893679189682,0.06906970729141612,0.06951941780269262,0.0040999999999999925,,0.06968007203926539
A,1,spatter,5,0.7268,1.3323670458316803,0.1962454534560442,0.46057450835704805,0.2316352679689502,0.2316352679689502,,,
A,1,gaussian_blur,2,0.8933,0.41255636966228487,0.060357595041394235,0.17015086636543275,0.1429673395720951,0.1429673395720951,,,
C,2,gaussian_blur,3,0.7967,0.8234138140678405,0.12870344010293483,0.32872028465270997,0.22598734996329878,0.22531330230885652,0.013900000000000023,,0.07418035815946121
D1,1,frost,4,0.7721,0.9700377959251404,0.15021637486219405,0.37216573235988615,0.23522892759703098,0.306468385307258,0.024599999999999955,0.12009996629418164,0.07036274561730775
C,5,frost,5,0.6582,1.5284986314773559,0.22531425117105244,0.5484585768699646,0.34761776531151845,0.3499225383181416,0.02059999999999995,,0.07645327921593677
A,4,fog,3,0.918,0.3306310231208801,0.04838711725473404,0.13404030799865724,0.10459466189079394,0.10459466189079394,,,
A,2,gaussian_noise,4,0.3117,3.8328047481536864,0.5532838742792606,1.1912606170654296,0.3974001355452987,0.3974001355452987,,,
C,1,spatter,5,0.7309,1.2486526142120362,0.1848423837095499,0.44580715894699097,0.258664313117112,0.25171949056686715,0.02080000000000004,,0.07494167070645595
D1,3,glass_blur,2,0.5921,1.8313888917922974,0.2789258752271533,0.6607167020320892,0.37658329810051944,0.47472337689176203,0.04830000000000001,0.18683688294013553,0.115030842760881
D1,1,frost,2,0.8648,0.5515357688903808,0.08678347762227058,0.2193763524055481,0.14927163556579034,0.1916218001647503,0.012299999999999978,0.07547092117520418,0.04574756249658085
A,1,gaussian_noise,5,0.2595,4.2754922859191895,0.5833356631055474,1.2646439294815064,0.4449700357671885,0.4449700357671885,,,
D1,1,zoom_blur,2,0.8654,0.5383717403888703,0.08070171436071395,0.21614229986667632,0.16370059997974312,0.20175962358252728,0.015700000000000047,0.08077758080923814,0.05094946044343889
C,2,motion_blur,1,0.9113,0.3625249286651611,0.05183414604067802,0.14378307495117187,0.11505388984356542,0.11611879682189029,0.007399999999999962,,0.0699465601571614
A,4,glass_blur,4,0.5012,2.209811010360718,0.3166651889383793,0.7809668998718262,0.539455483986548,0.539455483986548,,,
D1,3,jpeg_compression,1,0.8736,0.5112923936843872,0.07902383655309678,0.20604631032943727,0.144397915446962,0.1756649768049654,0.013000000000000012,0.07025430148401793,0.04696383688952254
D1,1,shot_noise,1,0.8688,0.5372740519523621,0.084850523558259,0.2136480571627617,0.14078706549961062,0.17622653875895486,0.011700000000000044,0.07016248978452229,0.0423426341149426
C,3,frost,2,0.8608,0.5879740524291992,0.08535153678059577,0.2267640432357788,0.1660939094846486,0.16723831524881824,0.009800000000000031,,0.07202716357415731
C,5,brightness,4,0.9328,0.2661335109472275,0.04028477798998356,0.1077490886926651,0.08580553968986496,0.08641315912945428,0.0049000000000000155,,0.07035206354929192
D1,2,shot_noise,1,0.8727,0.5125301192522049,0.08072910832464696,0.2068754061102867,0.14251361956937472,0.17601352338967263,0.012299999999999978,0.0703479045252437,0.04442608615231189
C,2,contrast,3,0.8746,0.5111533010482788,0.07645826218128204,0.20544740028381347,0.15149579377643532,0.15210846954747687,0.011399999999999966,,0.07145383890300541
A,2,impulse_noise,3,0.5592,1.9774579746246337,0.28149448270052674,0.6957717298984527,0.4766719423576782,0.4766719423576782,,,
D1,4,pixelate,2,0.8764,0.4944814687728882,0.07809740555882454,0.1987416937112808,0.14190775945620263,0.16850273297238164,0.016599999999999948,0.06829193706690857,0.03588096867437895
D1,4,gaussian_blur,3,0.7948,0.8247545261383057,0.12828942146897315,0.3284364263534546,0.22732411884661416,0.26214965639620785,0.022700000000000053,0.10748581578506662,0.061174703879258836
C,3,spatter,4,0.866,0.5685876969337463,0.0860935750067234,0.2211191704750061,0.14837903249875817,0.14883946092431724,0.009800000000000031,,0.07144065663241167
C,2,gaussian_noise,1,0.7569,1.0680736986160277,0.16538379756957292,0.39881147499084474,0.23396246169971419,0.2376444398527761,0.011900000000000022,,0.07195968115928504
A,4,gaussian_blur,1,0.9494,0.19126413953304292,0.02680684058070183,0.0810307801425457,0.07322559879631299,0.07322559879631299,,,
A,2,brightness,2,0.95,0.19820230555534363,0.02853329508304596,0.08231413972377777,0.07461914110302896,0.07461914110302896,,,
C,1,jpeg_compression,2,0.8179,0.7275548570632935,0.10840626133680344,0.2906400938034058,0.22735382148369682,0.2271596915794129,0.013599999999999945,,0.07550104860637695
D1,3,brightness,5,0.9107,0.35948773202896117,0.05423642475008965,0.1472180860042572,0.10843165289698518,0.13225084119382663,0.010000000000000009,0.05280315243175865,0.0355014027752874
D1,3,gaussian_noise,2,0.5936,2.0082040395736693,0.3084717550218105,0.6917931608200073,0.28843509747483187,0.3506312543295149,0.034599999999999964,0.14064358666252422,0.09064063618397183
A,2,speckle_noise,3,0.65,1.6556974418640136,0.24826437136530877,0.5784965559005737,0.30406099871236947,0.30406099871236947,,,
D1,3,spatter,1,0.9206,0.30756645238399505,0.04903604803085327,0.1289080491542816,0.0954832314268555,0.11543163457012852,0.00660000000000005,0.04625435658376664,0.030722592940110302
D1,2,defocus_blur,5,0.5273,2.235747047042847,0.35355855723023416,0.7977290611267089,0.3536972649339703,0.44225337857477715,0.03810000000000002,0.17545606842852432,0.11144920253788093
D1,5,brightness,4,0.9362,0.24466726942062378,0.03721881339251995,0.10018904616832733,0.08356246421047836,0.09148383604263655,0.0043999999999999595,0.038049167608810476,0.023582423401636913
D1,4,zoom_blur,3,0.8025,0.7873043380737305,0.12065693843960762,0.31380916376113893,0.2272316255158221,0.26420027713922317,0.02290000000000003,0.10801552014423747,0.06000086774121039
C,2,impulse_noise,2,0.6883,1.3423127672195434,0.20079104975759984,0.4953469560623169,0.33527919442370185,0.3309484618902963,0.021199999999999997,,0.0736392457192448
A,5,saturate,4,0.9247,0.28942766637802125,0.041897375510632995,0.11890150064229965,0.10391621408018109,0.10391621408018109,,,
C,3,defocus_blur,2,0.9367,0.24704237451553346,0.036686654122173784,0.10041594109535218,0.08351696930515463,0.0844914774679346,0.006399999999999961,,0.07035745447138093
A,2,pixelate,5,0.4602,2.9146889963150024,0.4072067704901099,0.9044962732315064,0.3872064230907941,0.3872064230907941,,,
D1,4,elastic_transform,5,0.7671,0.9374034637451172,0.14400312021374703,0.3721536890506744,0.26580580406130755,0.3141422609096975,0.026800000000000046,0.12754328239002014,0.07048669225211479
C,2,gaussian_blur,5,0.3872,2.8881709800720214,0.44819583289027215,1.0080769214630128,0.4973137351025827,0.4796014866103418,0.03539999999999999,,0.08271197775242366
A,2,gaussian_noise,1,0.7906,0.897741470527649,0.13378165415078402,0.34074400663375853,0.22728416464253678,0.22728416464253678,,,
A,4,motion_blur,4,0.7435,1.0559332341194152,0.15965175655186176,0.40872168102264406,0.2854679333212611,0.2854679333212611,,,
D1,4,jpeg_compression,4,0.7655,0.9651264978408813,0.15135444360375405,0.37949359092712404,0.24792695081313723,0.2965153559159604,0.024700000000000055,0.11966196594286593,0.06615015367696998
C,2,speckle_noise,2,0.6795,1.5589635530471802,0.23178637063503266,0.535970823097229,0.26152162521291755,0.2659193208969053,0.014700000000000046,,0.07199152268591834
C,2,motion_blur,2,0.8408,0.6468425545692443,0.09941077484488488,0.25523848626613616,0.18129006869635195,0.18177293862455407,0.011299999999999977,,0.07194337659749878
A,5,impulse_noise,2,0.6929,1.3127193252563476,0.19192512697577477,0.48674168734550477,0.344875683097486,0.344875683097486,,,
A,5,speckle_noise,2,0.7445,1.1377909212112427,0.1630300437629223,0.41383522605895995,0.269902515728859,0.269902515728859,,,
D1,3,saturate,2,0.9102,0.36178615374565126,0.05553501412272453,0.14638530428409577,0.10639438154572271,0.12803195290852454,0.006800000000000028,0.05137848023614012,0.0345346969768373
C,2,zoom_blur,4,0.7477,1.0502249469757081,0.15893957328498365,0.4063763875961304,0.28278899461224793,0.2818804336537782,0.018399999999999972,,0.07556448478087817
A,2,saturate,4,0.9296,0.2767720536708832,0.03942564955353737,0.1138941889166832,0.0979381972885516,0.0979381972885516,,,
D1,4,zoom_blur,2,0.8639,0.5487604571342468,0.07893511565774679,0.22130906429290773,0.16996841224903472,0.1964580785274622,0.014000000000000012,0.08049202682405594,0.045062095129017064
A,4,contrast,5,0.3035,3.2867639400482176,0.47089560487270354,1.1059727531433106,0.6698941299712576,0.6698941299712576,,,
D1,4,contrast,3,0.8694,0.5342347198486328,0.08553510199487209,0.2144978397846222,0.1366185061873286,0.16045027860580013,0.011099999999999999,0.0652800053847003,0.03676656759893353
D1,4,shot_noise,1,0.8801,0.49392612166404726,0.07397834424674511,0.19484974759817122,0.1404928943372797,0.16467843626457615,0.011099999999999999,0.06710608919121346,0.03732618997832708
D1,1,defocus_blur,4,0.8129,0.7560140563964843,0.11821212952286005,0.3000264274597168,0.2047629333187011,0.2527533380800596,0.02080000000000004,0.10105117778858937,0.06581500122528242
D1,5,zoom_blur,3,0.7997,0.7962245897293091,0.12316373330950738,0.316874880027771,0.2316379170055734,0.25043880834676674,0.020100000000000007,0.10471135442241213,0.07086746671169132
D1,3,impulse_noise,4,0.4278,2.5257120235443113,0.375833390365541,0.8974688260078431,0.5731825823404244,0.7268318002529559,0.07609999999999995,0.28430382556762684,0.15943467059724276
A,3,brightness,3,0.9407,0.22534639883041382,0.032817442432045936,0.0939442031621933,0.0827557753791989,0.0827557753791989,,,
A,1,motion_blur,1,0.9132,0.3358156201124191,0.04811061137914657,0.1389846531689167,0.11927604629992856,0.11927604629992856,,,
C,3,motion_blur,2,0.8446,0.6333125422477722,0.09704223028421402,0.25174151997566224,0.18007898229187705,0.18198219267714302,0.0121,,0.07367319459168677
A,4,saturate,3,0.9467,0.19677787069119512,0.029456636975705625,0.08413404594017193,0.07683525745900843,0.07683525745900843,,,
C,1,glass_blur,5,0.5241,2.1521221893310547,0.30983816891014576,0.7580178287029267,0.494347716647404,0.4862832153252093,0.02980000000000005,,0.07914826135000502
A,5,elastic_transform,4,0.7968,0.8157545693397522,0.11963781677186489,0.3232334139347076,0.25084784062504767,0.25084784062504767,,,
A,3,jpeg_compression,2,0.8099,0.7794844482421875,0.11694818879067898,0.30547955045700076,0.22286060302326222,0.22286060302326222,,,
A,5,elastic_transform,1,0.9028,0.36210810866355897,0.05499150882959366,0.1522932351589203,0.13002848142968432,0.13002848142968432,,,
A,2,shot_noise,4,0.4464,2.883667249298096,0.4272851286128163,0.9411775469779968,0.3744572334740369,0.3744572334740369,,,
A,2,gaussian_blur,4,0.6852,1.3001128721237183,0.19660906076729298,0.5033123207092285,0.3569547790219658,0.3569547790219658,,,
A,3,defocus_blur,5,0.5238,2.037617367172241,0.29639185104966165,0.7482708241462708,0.522824345691374,0.522824345691374,,,
A,2,motion_blur,3,0.7655,0.9558921339035035,0.14655030218958856,0.37411636123657227,0.26746293487681544,0.26746293487681544,,,
D1,3,fog,2,0.9384,0.23759145307540894,0.03758577818572521,0.0997240423798561,0.07701906908173696,0.09143931605496909,0.005600000000000049,0.03696693844078933,0.02511134340803547
C,2,glass_blur,1,0.5777,1.87882177734375,0.28135680005401376,0.6769811769485473,0.41803941221812274,0.41466571887885223,0.023299999999999987,,0.07603092165296028
C,1,glass_blur,3,0.6348,1.5796047172546386,0.22916232525557279,0.5803221020698547,0.4050840474453289,0.40164029850271765,0.026100000000000012,,0.07762177546984456
A,1,zoom_blur,5,0.6369,1.4725240182876587,0.22231075063198805,0.5699560881614685,0.42274170900667085,0.42274170900667085,,,
D1,5,saturate,1,0.9328,0.26782560987472537,0.0385301026403904,0.10952926473617554,0.0898351491043475,0.09900580090500444,0.0040000000000000036,0.041028639627344335,0.027116592438219553
A,4,snow,1,0.8988,0.3928928340911865,0.05772765627801418,0.16045787731409072,0.13141440889256772,0.13141440889256772,,,
D1,3,brightness,1,0.9508,0.1858821013212204,0.02853345568180084,0.07964647669792176,0.06631002414880058,0.07815176239744906,0.0039000000000000146,0.031666044809106585,0.02153211504175276
A,1,defocus_blur,1,0.95,0.19377268129587175,0.028383025275170802,0.08095056967735291,0.06976854860290187,0.06976854860290187,,,
D1,3,frost,5,0.672,1.5661636447906495,0.22746219051927327,0.5433711571216583,0.29560992489046184,0.3680925140189647,0.03639999999999999,0.1457679492882191,0.09366232395278033
A,1,shot_noise,2,0.7719,0.9736311668395996,0.14408523186147212,0.3663686420917511,0.2490043897957483,0.2490043897957483,,,
A,5,frost,1,0.911,0.3459829719543457,0.05103015531301498,0.14157349667549132,0.11943028663578444,0.11943028663578444,,,
D1,1,fog,2,0.9389,0.23802169332504272,0.03670152258574962,0.09917678587436676,0.07791977850495459,0.0964361015831877,0.005900000000000016,0.03851132765027238,0.023893349370426236
A,5,fog,2,0.9402,0.24074513902664185,0.034223020857572554,0.09762525796890259,0.0836606854159414,0.0836606854159414,,,
A,3,gaussian_noise,1,0.7865,0.8916272724151612,0.13542712572664023,0.34437308526039123,0.23320238564580503,0.23320238564580503,,,
C,5,fog,4,0.871,0.5274474538803101,0.08291692958027125,0.21066071071624756,0.14173420368054065,0.14198632745836803,0.008399999999999963,,0.07255688149856161
C,2,speckle_noise,5,0.3273,3.791956903076172,0.5278998112976551,1.148099733352661,0.4198565892592538,0.4293563981451443,0.018000000000000016,,0.07431406654363865
A,3,impulse_noise,5,0.2962,3.301308327484131,0.4226536625906825,1.0596502031326294,0.8194600385302154,0.8194600385302154,,,
A,1,motion_blur,2,0.8465,0.6012825556844473,0.09287374445199967,0.24495796181894838,0.18610711837405106,0.18610711837405106,,,
D1,5,frost,5,0.6555,1.5581592365264894,0.2315007128596306,0.5569806541442871,0.3336090596894559,0.3731561974318669,0.02849999999999997,0.15284127220276375,0.09612180229182794
A,5,spatter,3,0.8261,0.7161625186920166,0.10262242253571749,0.27776279907226564,0.2188175547904684,0.2188175547904684,,,
D1,2,shot_noise,3,0.5447,2.2994289979934694,0.33905955485552547,0.7668035387992859,0.33793344223396854,0.4212212409066124,0.04139999999999999,0.16750849141349222,0.09871981236981703
A,3,glass_blur,5,0.5198,2.1830031997680663,0.3190746837615967,0.7648607551574707,0.47627224943243784,0.47627224943243784,,,
D1,2,zoom_blur,1,0.8832,0.45905990118980405,0.0707803660750389,0.18847604386806488,0.13783101194464253,0.1659269568708609,0.012800000000000034,0.0669573534412392,0.042890253858884085
A,2,impulse_noise,4,0.3982,2.686031071090698,0.3781434238165617,0.9282788743972779,0.6662428261083143,0.6662428261083143,,,
C,3,jpeg_compression,3,0.7988,0.8237282855987549,0.12181427602767944,0.32112592029571535,0.23799425851872658,0.2383611552130722,0.015499999999999958,,0.07418681298506341
D1,1,glass_blur,5,0.5159,2.2656917186737062,0.3486848235696554,0.7937508922576905,0.40185042776142943,0.5342452847463661,0.05049999999999999,0.20768360140391742,0.11633053125033495
C,3,snow,3,0.8316,0.7061318607330322,0.10642557091116905,0.2705721001148224,0.18938537635039537,0.18950034781456926,0.011800000000000033,,0.07291844977444013
D1,1,gaussian_noise,5,0.2575,4.472023889923095,0.6247683727443218,1.3158449382781983,0.3402077601875411,0.42727809760842356,0.027699999999999947,0.16972506934259582,0.09800111634501833
D1,3,glass_blur,5,0.5024,2.3408072193145752,0.35215802093595266,0.8132142064094543,0.42565205421331337,0.5403548492044443,0.05789999999999995,0.21203725638566248,0.12872162323116956
C,5,gaussian_noise,4,0.2839,4.104437757873535,0.5688919183015824,1.2241884971618653,0.41942447334866156,0.4204291028386157,0.03380000000000005,,0.07584523319945884
A,5,defocus_blur,2,0.9389,0.23863951005935669,0.03422295367717743,0.09889216079711914,0.08627838016728347,0.08627838016728347,,,
D1,1,impulse_noise,1,0.8287,0.7373294323921203,0.11542284476757049,0.28436653146743773,0.1722219654217537,0.22163688671609708,0.01639999999999997,0.08737282813032919,0.049809254256331904
A,3,impulse_noise,2,0.6533,1.5835230497360229,0.2314389057099819,0.5650997671127319,0.34537462292193666,0.34537462292193666,,,
C,1,defocus_blur,1,0.9496,0.19314734647274018,0.028801541674137114,0.08038197895288468,0.07028195034660749,0.07042005042336968,0.0040999999999999925,,0.07074002226050544
D1,5,glass_blur,5,0.5024,2.2439427345275877,0.3313457047447562,0.7954623078346252,0.48995542388389585,0.5426616972430959,0.03949999999999998,0.22304808860746658,0.10379330926069769
A,1,elastic_transform,5,0.7672,0.9098348918914795,0.13072087799459695,0.367500412940979,0.3060222970483941,0.3060222970483941,,,
D1,4,impulse_noise,5,0.2943,3.5628734252929686,0.5087267846673728,1.1491190608978272,0.579639238217537,0.7157958331725793,0.10519999999999996,0.2853061836608652,0.13162520081223938
C,2,zoom_blur,2,0.8598,0.5585670269489288,0.08311323913782835,0.22556484961509704,0.17709305007486256,0.17730930633154932,0.010199999999999987,,0.07248719136075066
D1,2,elastic_transform,5,0.7557,1.0044072860717774,0.15601643315255642,0.3938153293609619,0.2639563652022858,0.331248587756569,0.030299999999999994,0.13142790027467613,0.08204174751577854
C,1,zoom_blur,1,0.8904,0.41145575165748594,0.058098545140028,0.1718510483622551,0.16025977623619547,0.1614503423913484,0.01090000000000002,,0.07416364713093972
A,4,motion_blur,2,0.8382,0.6429659229278565,0.09874064841419458,0.25841116619110105,0.1911867883398372,0.1911867883398372,,,
C,3,gaussian_blur,1,0.9505,0.19874206023216248,0.02792150223106146,0.08098762143850327,0.0696066512060439,0.07051003311778768,0.0048000000000000265,,0.06946564182713948
C,3,shot_noise,3,0.561,2.1831424114227294,0.3193723589673638,0.7304820578575134,0.35119594456258346,0.35706739550469213,0.022700000000000053,,0.07479319350205228
C,5,frost,4,0.7588,1.0299101258277894,0.1506425648316741,0.38397481842041015,0.271700386707572,0.27281569638206854,0.015800000000000036,,0.07477559126017874
D1,5,defocus_blur,4,0.8001,0.8066246455192566,0.12798360107243062,0.3203213897228241,0.21607461311544757,0.23441720681667794,0.015700000000000047,0.09787529705333,0.06834982301762872
A,5,contrast,1,0.948,0.20474959151744843,0.02888166533112526,0.08378308366537095,0.07309595425453735,0.07309595425453735,,,
D1,3,elastic_transform,2,0.9059,0.3707410839080811,0.05732618000805378,0.15072012434005738,0.11232226614394458,0.13282849438335978,0.009099999999999997,0.05374569653185512,0.03669381681362228
D1,3,fog,1,0.9494,0.19264046635627746,0.02883553166091442,0.08149021925926209,0.06763957668608928,0.07957079138281406,0.0041999999999999815,0.03226622085714407,0.02193379495308617
D1,1,saturate,3,0.9471,0.21012049102783203,0.032489762604236604,0.08734587789773941,0.0672258645832815,0.08223419872116647,0.005299999999999971,0.03301667327385901,0.02033467766025077
C,2,motion_blur,5,0.6581,1.4678732551574707,0.2332437871724367,0.5538849314689637,0.32820326078665674,0.32528947637930977,0.021399999999999975,,0.07650713592867728
D1,5,snow,4,0.8231,0.7347403438568115,0.10845092684775591,0.28643929786682126,0.20640706614970694,0.2290617499619606,0.012700000000000045,0.0943719060223666,0.05566126747849964
D1,2,frost,1,0.9155,0.34199283123016355,0.050500118859112264,0.13858749611377716,0.10580796601079928,0.13038228816860065,0.009000000000000008,0.052038453527104865,0.0330079963300179
A,5,contrast,5,0.3311,2.836771794509888,0.4132974150925875,1.0076433788299561,0.7550191079112818,0.7550191079112818,,,
A,3,zoom_blur,3,0.7998,0.7875060750961304,0.1135876689761877,0.3142126362800598,0.25979126339411013,0.25979126339411013,,,
A,2,brightness,3,0.9432,0.21849982624053954,0.030823638966679574,0.09021734888553619,0.08264944913429499,0.08264944913429499,,,
D1,3,impulse_noise,5,0.2496,3.761541424560547,0.5279758487775922,1.2039927339553833,0.6333063806928054,0.783379989169375,0.07040000000000002,0.3088623392110836,0.17682942849429092
D1,4,spatter,4,0.8568,0.6007094410419465,0.09230590341985226,0.23723881727457047,0.15555118885966077,0.18444668582507293,0.01629999999999998,0.07481492218926869,0.039378482836579375
A,3,frost,2,0.8661,0.5391851808547974,0.07825526887774467,0.21342237749099732,0.1723087674305978,0.1723087674305978,,,
D1,3,defocus_blur,2,0.9345,0.24657747173309327,0.04086651423573494,0.10436315922737122,0.07796644906649017,0.09144253044404323,0.0040000000000000036,0.03715914445654683,0.025514637804590904
A,3,jpeg_compression,4,0.7586,0.9904708688735961,0.14803006594479085,0.38660330104827884,0.2804825186264265,0.2804825186264265,,,
C,1,speckle_noise,5,0.4119,2.903171237564087,0.40565890438854696,0.9433795988082886,0.5220069244774117,0.5278342819826212,0.025399999999999978,,0.0774733718362337
A,5,saturate,5,0.8825,0.4609778457641602,0.06754710965156555,0.18487076919078826,0.15080512536755122,0.15080512536755122,,,
A,1,elastic_transform,2,0.9051,0.3643200754165649,0.05434639230072498,0.15128285241127015,0.1263007230608142,0.1263007230608142,,,
D1,3,impulse_noise,2,0.7167,1.2248105168342591,0.18672423975169658,0.4561630993843079,0.2893478221504949,0.3602214815807063,0.03749999999999998,0.14248332169653344,0.08489879137923058
A,4,brightness,5,0.912,0.3391635719776154,0.04997397003173828,0.13966986541748047,0.1189110223093623,0.1189110223093623,,,
C,5,glass_blur,4,0.4796,2.4380738025665285,0.3557873467832804,0.8374562484741211,0.4900928674071678,0.485904619222763,0.03269999999999995,,0.079365595904016
A,4,contrast,3,0.8652,0.5367544519424439,0.08106127522140741,0.21672613987922668,0.16121245884806848,0.16121245884806848,,,
C,5,gaussian_noise,5,0.2367,4.596643225097656,0.620010449564457,1.3213307817459106,0.40636472281339814,0.4035389403880923,0.03290000000000004,,0.07545244030057048
D1,4,spatter,1,0.9235,0.294882873404026,0.044599620416760445,0.12163912245035172,0.09863253377444926,0.11567198587430175,0.009000000000000008,0.047074139975839834,0.025439144711867197
A,2,saturate,1,0.9316,0.2580693591117859,0.037607292106747625,0.107577254986763,0.09586426027824345,0.09586426027824345,,,
D1,3,impulse_noise,3,0.6214,1.612604210472107,0.24564320361614228,0.5994746654510498,0.39451623700154015,0.49784602941573247,0.04959999999999998,0.19561058317848076,0.11408333059106496
C,2,brightness,3,0.9429,0.22135378732681274,0.03220779532492161,0.09162513461112975,0.07893829693778244,0.07960244856107165,0.005800000000000027,,0.06868149677832336
D1,3,shot_noise,1,0.8708,0.5213798243522644,0.08164624131023884,0.2091340786933899,0.14412684526206285,0.17306275201264362,0.013499999999999956,0.06967063710896133,0.04687934986130685
C,1,defocus_blur,2,0.9394,0.23930103883743287,0.0335066937148571,0.09904022594690323,0.08623974937411258,0.08676717019764256,0.007099999999999995,,0.07156962960739716
A,3,defocus_blur,3,0.8905,0.4256669218063355,0.06345089755654335,0.1738155538082123,0.1403318335951859,0.1403318335951859,,,
C,3,zoom_blur,5,0.6562,1.4711318521499634,0.22532704601287842,0.5550206550598145,0.35793224976213533,0.3532986301756522,0.023599999999999954,,0.07908807447458832
C,2,gaussian_blur,4,0.655,1.457703977203369,0.23186739704757928,0.5578453525543213,0.34109480220752886,0.3384109166825889,0.024599999999999955,,0.07780880605812124
A,5,speckle_noise,5,0.3883,3.334533678436279,0.43753284985423085,1.0023987163543702,0.48431971783176997,0.48431971783176997,,,
C,2,snow,3,0.8369,0.6658005056381225,0.10034418587982655,0.2601692110061645,0.19488819826873952,0.1952849893888022,0.012499999999999956,,0.07221091885903039
C,5,gaussian_noise,1,0.7937,0.8676507021903992,0.13159449225068093,0.33243285932540895,0.22183977908725502,0.22401230374285078,0.015199999999999991,,0.07317573284744501
A,4,speckle_noise,2,0.7166,1.2205304001808166,0.1859182323589921,0.4578999228477478,0.2910037098695815,0.2910037098695815,,,
A,2,gaussian_blur,2,0.9022,0.38248161067962644,0.055886433972418305,0.15686263971328734,0.13008837578297244,0.13008837578297244,,,
D1,5,gaussian_blur,1,0.9531,0.19234362077713013,0.027134099239110948,0.07721224436759949,0.06461397142414935,0.07044077038403193,0.0022999999999999687,0.02935312874146063,0.019208799005012614
D1,3,spatter,4,0.8676,0.5434611615180969,0.08614093017578126,0.21637715849876404,0.14214744196060056,0.1726393343796837,0.013599999999999945,0.0691524848366503,0.04463929397733165
C,3,shot_noise,4,0.4818,2.6446667514801026,0.38225089468806983,0.8622105876922608,0.3968937813907105,0.4028198348513222,0.023499999999999965,,0.0752520237975856
A,1,saturate,3,0.9489,0.20358236737549304,0.02796376865208149,0.08425881209522486,0.07520502342726686,0.07520502342726686,,,
C,3,saturate,3,0.9467,0.21028700065612793,0.030805168831348418,0.08597434879541398,0.07263255370749684,0.0735277587886114,0.0037000000000000366,,0.06934945901747236
D1,3,defocus_blur,5,0.5516,2.015654010772705,0.3190003301590681,0.7352222809791565,0.38049948440924053,0.4614115122844814,0.03749999999999998,0.18433811695187466,0.12781326043829486
D1,2,fog,1,0.946,0.20823701548576354,0.03335871452093125,0.08762045018672943,0.06524127599461936,0.07797649527964823,0.0048000000000000265,0.03151656018608192,0.020263031058410413
A,5,speckle_noise,4,0.5127,2.4176327674865723,0.3354532302364707,0.7846600286483765,0.43355994276117127,0.43355994276117127,,,
C,3,fog,5,0.7488,1.0983832925796508,0.16467570985257626,0.41220420570373534,0.2591886123555538,0.25789153191544467,0.015499999999999958,,0.07528448155873942
A,1,snow,2,0.8067,0.7997221054077148,0.11975564636290073,0.3097364462852478,0.22559471722569432,0.22559471722569432,,,
C,2,snow,1,0.8987,0.41127594270706175,0.06041382286697626,0.16374812099933625,0.1274617668470484,0.1286561843336851,0.00880000000000003,,0.07016300775594547
A,3,saturate,2,0.908,0.3635193016052246,0.05297806083261967,0.14706396300792693,0.1204600742266186,0.1204600742266186,,,
