model,corruption,accuracy,NLL,ECE,Brier,predictive_entropy,initial_predictive_entropy,prediction_change_rate,mean_gate,mean_relative_effective_update
A,brightness,"{""n"": 5, ""mean"": 0.937508, ""std"": 0.0015601666577645193, ""ci95"": [0.9355707972298559, 0.9394452027701441], ""median"": 0.93658, ""minimum"": 0.93604, ""maximum"": 0.93944}","{""n"": 5, ""mean"": 0.24104035513401031, ""std"": 0.004393604261263667, ""ci95"": [0.23558497490044455, 0.24649573536757607], ""median"": 0.23892337012290957, ""minimum"": 0.23646645201683045, ""maximum"": 0.24629824244499207}","{""n"": 5, ""mean"": 0.03512556165903807, ""std"": 0.0012304190037381246, ""ci95"": [0.03359779467939069, 0.036653328638685444], ""median"": 0.035701569637060164, ""minimum"": 0.03368387108415365, ""maximum"": 0.03617777521312237}","{""n"": 5, ""mean"": 0.10001899503922462, ""std"": 0.0020598157038414873, ""ci95"": [0.09746139603682989, 0.10257659404161935], ""median"": 0.10059654726147652, ""minimum"": 0.09776480378627778, ""maximum"": 0.10193312315464019}","{""n"": 5, ""mean"": 0.08726281916965029, ""std"": 0.0009535787207147008, ""ci95"": [0.08607879480268564, 0.08844684353661493], ""median"": 0.08735484104181902, ""minimum"": 0.08567225687488463, ""maximum"": 0.08811996517301857}","{""n"": 5, ""mean"": 0.08726281916965029, ""std"": 0.0009535787207147008, ""ci95"": [0.08607879480268564, 0.08844684353661493], ""median"": 0.08735484104181902, ""minimum"": 0.08567225687488463, ""maximum"": 0.08811996517301857}","{""n"": 0, ""mean"": null, ""std"": null, ""ci95"": null, ""median"": null, ""minimum"": null, ""maximum"": null}","{""n"": 0, ""mean"": null, ""std"": null, ""ci95"": null, ""median"": null, ""minimum"": null, ""maximum"": null}","{""n"": 0, ""mean"": null, ""std"": null, ""ci95"": null, ""median"": null, ""minimum"": null, ""maximum"": null}"
A,contrast,"{""n"": 5, ""mean"": 0.766812, ""std"": 0.006797243558973028, ""ci95"": [0.7583721073858009, 0.7752518926141992], ""median"": 0.7692, ""minimum"": 0.75586, ""maximum"": 0.77224}","{""n"": 5, ""mean"": 0.9943220514392853, ""std"": 0.05293396805779356, ""ci95"": [0.9285958490198549, 1.0600482538587157], ""median"": 0.9911275083065033, ""minimum"": 0.9354151126813889, ""maximum"": 1.0790373960161208}","{""n"": 5, ""mean"": 0.14680755015146732, ""std"": 0.008330183235315541, ""ci95"": [0.13646426152973543, 0.15715083877319921], ""median"": 0.1486895580509305, ""minimum"": 0.1371968476086855, ""maximum"": 0.15766281316518785}","{""n"": 5, ""mean"": 0.3673397923178673, ""std"": 0.014836434452490664, ""ci95"": [0.3489179257964996, 0.38576165883923497], ""median"": 0.36585274440288545, ""minimum"": 0.3509108179497719, ""maximum"": 0.3901525218844414}","{""n"": 5, ""mean"": 0.2609298721231063, ""std"": 0.012299945323081743, ""ci95"": [0.2456574728355609, 0.2762022714106517], ""median"": 0.25915335397007844, ""minimum"": 0.24325158181855833, ""maximum"": 0.27350826213264023}","{""n"": 5, ""mean"": 0.2609298721231063, ""std"": 0.012299945323081743, ""ci95"": [0.2456574728355609, 0.2762022714106517], ""median"": 0.25915335397007844, ""minimum"": 0.24325158181855833, ""maximum"": 0.27350826213264023}","{""n"": 0, ""mean"": null, ""std"": null, ""ci95"": null, ""median"": null, ""minimum"": null, ""maximum"": null}","{""n"": 0, ""mean"": null, ""std"": null, ""ci95"": null, ""median"": null, ""minimum"": null, ""maximum"": null}","{""n"": 0, ""mean"": null, ""std"": null, ""ci95"": null, ""median"": null, ""minimum"": null, ""maximum"": null}"
A,defocus_blur,"{""n"": 5, ""mean"": 0.82528, ""std"": 0.007715801967391324, ""ci95"": [0.8156995664798204, 0.8348604335201796], ""median"": 0.82256, ""minimum"": 0.81788, ""maximum"": 0.83716}","{""n"": 5, ""mean"": 0.7164113615009785, ""std"": 0.04199683725489833, ""ci95"": [0.6642654006431485, 0.7685573223588085], ""median"": 0.7308737168085575, ""minimum"": 0.6670688064193726, ""maximum"": 0.7560371969509124}","{""n"": 5, ""mean"": 0.10752004393678903, ""std"": 0.005618335957673344, ""ci95"": [0.10054395844833236, 0.1144961294252457], ""median"": 0.11015637896329164, ""minimum"": 0.10092957810938359, ""maximum"": 0.11366032620519399}","{""n"": 5, ""mean"": 0.27816768513846396, ""std"": 0.01253284640483717, ""ci95"": [0.26260610096256015, 0.29372926931436777], ""median"": 0.28307818123221395, ""minimum"": 0.2603500079059601, ""maximum"": 0.28872468693733216}","{""n"": 5, ""mean"": 0.20278658180362655, ""std"": 0.009473272451723734, ""ci95"": [0.19102396045514566, 0.21454920315210743], ""median"": 0.20062363908657047, ""minimum"": 0.18994266825301137, ""maximum"": 0.2129590719168703}","{""n"": 5, ""mean"": 0.20278658180362655, ""std"": 0.009473272451723734, ""ci95"": [0.19102396045514566, 0.21454920315210743], ""median"": 0.20062363908657047, ""minimum"": 0.18994266825301137, ""maximum"": 0.2129590719168703}","{""n"": 0, ""mean"": null, ""std"": null, ""ci95"": null, ""median"": null, ""minimum"": null, ""maximum"": null}","{""n"": 0, ""mean"": null, ""std"": null, ""ci95"": null, ""median"": null, ""minimum"": null, ""maximum"": null}","{""n"": 0, ""mean"": null, ""std"": null, ""ci95"": null, ""median"": null, ""minimum"": null, ""maximum"": null}"
A,elastic_transform,"{""n"": 5, ""mean"": 0.848888, ""std"": 0.004060605866123931, ""ci95"": [0.8438460918851388, 0.8539299081148611], ""median"": 0.8475, ""minimum"": 0.8452, ""maximum"": 0.85332}","{""n"": 5, ""mean"": 0.5920223928732872, ""std"": 0.01797726287311338, ""ci95"": [0.569700672777497, 0.6143441129690773], ""median"": 0.5992319053840637, ""minimum"": 0.572036544702053, ""maximum"": 0.6086107646465302}","{""n"": 5, ""mean"": 0.08689479566544295, ""std"": 0.0028225046102777146, ""ci95"": [0.08339019330609695, 0.09039939802478894], ""median"": 0.08789289232373237, ""minimum"": 0.08355906601995229, ""maximum"": 0.08948561475247145}","{""n"": 5, ""mean"": 0.24032666055941582, ""std"": 0.006007464634107531, ""ci95"": [0.23286740800276212, 0.2477859131160695], ""median"": 0.2427245168352127, ""minimum"": 0.23361750071883203, ""maximum"": 0.24575693545818328}","{""n"": 5, ""mean"": 0.19586484833666076, ""std"": 0.0023875550733311484, ""ci95"": [0.19290030715837672, 0.1988293895149448], ""median"": 0.19598168340274888, ""minimum"": 0.19284631389848655, ""maximum"": 0.19870466061825864}","{""n"": 5, ""mean"": 0.19586484833666076, ""std"": 0.0023875550733311484, ""ci95"": [0.19290030715837672, 0.1988293895149448], ""median"": 0.19598168340274888, ""minimum"": 0.19284631389848655, ""maximum"": 0.19870466061825864}","{""n"": 0, ""mean"": null, ""std"": null, ""ci95"": null, ""median"": null, ""minimum"": null, ""maximum"": null}","{""n"": 0, ""mean"": null, ""std"": null, ""ci95"": null, ""median"": null, ""minimum"": null, ""maximum"": null}","{""n"": 0, ""mean"": null, ""std"": null, ""ci95"": null, ""median"": null, ""minimum"": null, ""maximum"": null}"
A,fog,"{""n"": 5, ""mean"": 0.886656, ""std"": 0.003297405040330939, ""ci95"": [0.8825617308739254, 0.8907502691260746], ""median"": 0.8857, ""minimum"": 0.88326, ""maximum"": 0.89042}","{""n"": 5, ""mean"": 0.4576528607839346, ""std"": 0.015832344970461744, ""ci95"": [0.43799440802696976, 0.4773113135408994], ""median"": 0.4654218505859375, ""minimum"": 0.4389739955711365, ""maximum"": 0.47138305330097674}","{""n"": 5, ""mean"": 0.06888361070746184, ""std"": 0.002451449817713419, ""ci95"": [0.0658397337254039, 0.07192748768951977], ""median"": 0.07002693832755089, ""minimum"": 0.06618650011390448, ""maximum"": 0.07146033172547818}","{""n"": 5, ""mean"": 0.18195635828903317, ""std"": 0.0058697633064637945, ""ci95"": [0.17466808451341959, 0.18924463206464676], ""median"": 0.18371203878879547, ""minimum"": 0.17552806344032287, ""maximum"": 0.18783276282325387}","{""n"": 5, ""mean"": 0.13663338002447306, ""std"": 0.0028256552367224553, ""ci95"": [0.13312486564569884, 0.14014189440324729], ""median"": 0.13532968356460565, ""minimum"": 0.1342015658177744, ""maximum"": 0.1404391545670596}","{""n"": 5, ""mean"": 0.13663338002447306, ""std"": 0.0028256552367224553, ""ci95"": [0.13312486564569884, 0.14014189440324729], ""median"": 0.13532968356460565, ""minimum"": 0.1342015658177744, ""maximum"": 0.1404391545670596}","{""n"": 0, ""mean"": null, ""std"": null, ""ci95"": null, ""median"": null, ""minimum"": null, ""maximum"": null}","{""n"": 0, ""mean"": null, ""std"": null, ""ci95"": null, ""median"": null, ""minimum"": null, ""maximum"": null}","{""n"": 0, ""mean"": null, ""std"": null, ""ci95"": null, ""median"": null, ""minimum"": null, ""maximum"": null}"
A,frost,"{""n"": 5, ""mean"": 0.793724, ""std"": 0.011412733239675735, ""ci95"": [0.7795532200151912, 0.8078947799848087], ""median"": 0.7984, ""minimum"": 0.7770400000000001, ""maximum"": 0.80662}","{""n"": 5, ""mean"": 0.8774022415428161, ""std"": 0.04812056020310697, ""ci95"": [0.8176526743652213, 0.9371518087204109], ""median"": 0.8662882257461547, ""minimum"": 0.8193743737030029, ""maximum"": 0.9487102768611908}","{""n"": 5, ""mean"": 0.12665988438320158, ""std"": 0.007738122167595746, ""ci95"": [0.11705173667399545, 0.1362680320924077], ""median"": 0.12443286246508359, ""minimum"": 0.11689788942039013, ""maximum"": 0.13729502824902534}","{""n"": 5, ""mean"": 0.3292181423931122, ""std"": 0.01712554457454968, ""ci95"": [0.30795397024526, 0.3504823145409644], ""median"": 0.3232804807472229, ""minimum"": 0.309270538315773, ""maximum"": 0.3545257144021988}","{""n"": 5, ""mean"": 0.2407534436343016, ""std"": 0.010731478730947883, ""ci95"": [0.22742855284659416, 0.254078334422009], ""median"": 0.23376623822979803, ""minimum"": 0.2335024568254777, ""maximum"": 0.25789129543433054}","{""n"": 5, ""mean"": 0.2407534436343016, ""std"": 0.010731478730947883, ""ci95"": [0.22742855284659416, 0.254078334422009], ""median"": 0.23376623822979803, ""minimum"": 0.2335024568254777, ""maximum"": 0.25789129543433054}","{""n"": 0, ""mean"": null, ""std"": null, ""ci95"": null, ""median"": null, ""minimum"": null, ""maximum"": null}","{""n"": 0, ""mean"": null, ""std"": null, ""ci95"": null, ""median"": null, ""minimum"": null, ""maximum"": null}","{""n"": 0, ""mean"": null, ""std"": null, ""ci95"": null, ""median"": null, ""minimum"": null, ""maximum"": null}"
A,gaussian_blur,"{""n"": 5, ""mean"": 0.7301, ""std"": 0.01228519434115716, ""ci95"": [0.7148459164756484, 0.7453540835243515], ""median"": 0.72762, ""minimum"": 0.72024, ""maximum"": 0.75108}","{""n"": 5, ""mean"": 1.1573283147244453, ""std"": 0.056068618107153925, ""ci95"": [1.0877099301917565, 1.226946699257134], ""median"": 1.1864397182273865, ""minimum"": 1.0718000327301025, ""maximum"": 1.203473076686859}","{""n"": 5, ""mean"": 0.1715049683573246, ""std"": 0.008341876136581548, ""ci95"": [0.16114716108105617, 0.18186277563359302], ""median"": 0.17191823435097933, ""minimum"": 0.1584024875921011, ""maximum"": 0.17935669477313756}","{""n"": 5, ""mean"": 0.42883276637005807, ""std"": 0.01745825387147926, ""ci95"": [0.40715548106634075, 0.4505100516737754], ""median"": 0.43659656733751295, ""minimum"": 0.3977239958333969, ""maximum"": 0.438052125043869}","{""n"": 5, ""mean"": 0.29295337625188095, ""std"": 0.025330782675844685, ""ci95"": [0.26150105535696094, 0.32440569714680095], ""median"": 0.27580515965917524, ""minimum"": 0.2734405905941533, ""maximum"": 0.32442609446768067}","{""n"": 5, ""mean"": 0.29295337625188095, ""std"": 0.025330782675844685, ""ci95"": [0.26150105535696094, 0.32440569714680095], ""median"": 0.27580515965917524, ""minimum"": 0.2734405905941533, ""maximum"": 0.32442609446768067}","{""n"": 0, ""mean"": null, ""std"": null, ""ci95"": null, ""median"": null, ""minimum"": null, ""maximum"": null}","{""n"": 0, ""mean"": null, ""std"": null, ""ci95"": null, ""median"": null, ""minimum"": null, ""maximum"": null}","{""n"": 0, ""mean"": null, ""std"": null, ""ci95"": null, ""median"": null, ""minimum"": null, ""maximum"": null}"
A,gaussian_noise,"{""n"": 5, ""mean"": 0.46072799999999997, ""std"": 0.00824997696966482, ""ci95"": [0.45048430061075695, 0.470971699389243], ""median"": 0.46252, ""minimum"": 0.44888, ""maximum"": 0.47136}","{""n"": 5, ""mean"": 2.8208739794273376, ""std"": 0.06914776094617517, ""ci95"": [2.7350156941040717, 2.9067322647506035], ""median"": 2.85998805393219, ""minimum"": 2.7360410937881467, ""maximum"": 2.883494682540894}","{""n"": 5, ""mean"": 0.4105719103683829, ""std"": 0.014285904460534253, ""ci95"": [0.39283361711795894, 0.4283102036188069], ""median"": 0.41316467212319374, ""minimum"": 0.38892687572300433, ""maximum"": 0.427616559471488}","{""n"": 5, ""mean"": 0.910427348189354, ""std"": 0.022715851874198823, ""ci95"": [0.8822218927286317, 0.9386328036500763], ""median"": 0.9176186499023438, ""minimum"": 0.8745816211509705, ""maximum"": 0.9347119107532501}","{""n"": 5, ""mean"": 0.3770053594098472, ""std"": 0.027104069259645525, ""ci95"": [0.34335121240532396, 0.41065950641437043], ""median"": 0.37893685402400096, ""minimum"": 0.3460788448931294, ""maximum"": 0.4061268259703167}","{""n"": 5, ""mean"": 0.3770053594098472, ""std"": 0.027104069259645525, ""ci95"": [0.34335121240532396, 0.41065950641437043], ""median"": 0.37893685402400096, ""minimum"": 0.3460788448931294, ""maximum"": 0.4061268259703167}","{""n"": 0, ""mean"": null, ""std"": null, ""ci95"": null, ""median"": null, ""minimum"": null, ""maximum"": null}","{""n"": 0, ""mean"": null, ""std"": null, ""ci95"": null, ""median"": null, ""minimum"": null, ""maximum"": null}","{""n"": 0, ""mean"": null, ""std"": null, ""ci95"": null, ""median"": null, ""minimum"": null, ""maximum"": null}"
A,glass_blur,"{""n"": 5, ""mean"": 0.565736, ""std"": 0.009427273200666242, ""ci95"": [0.5540304942655015, 0.5774415057344985], ""median"": 0.56686, ""minimum"": 0.55172, ""maximum"": 0.57756}","{""n"": 5, ""mean"": 1.9198864854278563, ""std"": 0.04114254917264683, ""ci95"": [1.8688012633258526, 1.97097170752986], ""median"": 1.9169129804611205, ""minimum"": 1.8704723542022705, ""maximum"": 1.9805499698638915}","{""n"": 5, ""mean"": 0.2800189786682725, ""std"": 0.007979547611976135, ""ci95"": [0.27011106167652893, 0.2899268956600161], ""median"": 0.27976454634815456, ""minimum"": 0.27257615331709384, ""maximum"": 0.2917139022022486}","{""n"": 5, ""mean"": 0.6878249004039765, ""std"": 0.01565305554985981, ""ci95"": [0.6683890648658319, 0.707260735942121], ""median"": 0.6868222173118591, ""minimum"": 0.6708221769046784, ""maximum"": 0.7122568336486816}","{""n"": 5, ""mean"": 0.45795487173441085, ""std"": 0.016774011360944488, ""ci95"": [0.4371271857220651, 0.4787825577467566], ""median"": 0.4634926933864702, ""minimum"": 0.43712891594922054, ""maximum"": 0.47496965744996444}","{""n"": 5, ""mean"": 0.45795487173441085, ""std"": 0.016774011360944488, ""ci95"": [0.4371271857220651, 0.4787825577467566], ""median"": 0.4634926933864702, ""minimum"": 0.43712891594922054, ""maximum"": 0.47496965744996444}","{""n"": 0, ""mean"": null, ""std"": null, ""ci95"": null, ""median"": null, ""minimum"": null, ""maximum"": null}","{""n"": 0, ""mean"": null, ""std"": null, ""ci95"": null, ""median"": null, ""minimum"": null, ""maximum"": null}","{""n"": 0, ""mean"": null, ""std"": null, ""ci95"": null, ""median"": null, ""minimum"": null, ""maximum"": null}"
A,impulse_noise,"{""n"": 5, ""mean"": 0.534712, ""std"": 0.006455084817413338, ""ci95"": [0.5266969535768661, 0.5427270464231339], ""median"": 0.53784, ""minimum"": 0.5271399999999999, ""maximum"": 0.54116}","{""n"": 5, ""mean"": 2.197032690704346, ""std"": 0.12243670010119195, ""ci95"": [2.0450074481298244, 2.3490579332788672], ""median"": 2.1334657466316225, ""minimum"": 2.08766779504776, ""maximum"": 2.3677097151756286}","{""n"": 5, ""mean"": 0.30796648039740326, ""std"": 0.013509726323054286, ""ci95"": [0.291191939596481, 0.32474102119832554], ""median"": 0.3079223624888062, ""minimum"": 0.29410945379674436, ""maximum"": 0.3270216013544798}","{""n"": 5, ""mean"": 0.7395336602926255, ""std"": 0.019031084164462496, ""ci95"": [0.7159034482388266, 0.7631638723464244], ""median"": 0.7341074664402008, ""minimum"": 0.7219577890825272, ""maximum"": 0.7649470909357071}","{""n"": 5, ""mean"": 0.4656559182868272, ""std"": 0.028653198325638996, ""ci95"": [0.4300782734924888, 0.5012335630811655], ""median"": 0.46693909997445354, ""minimum"": 0.424040395718285, ""maximum"": 0.49795881901565825}","{""n"": 5, ""mean"": 0.4656559182868272, ""std"": 0.028653198325638996, ""ci95"": [0.4300782734924888, 0.5012335630811655], ""median"": 0.46693909997445354, ""minimum"": 0.424040395718285, ""maximum"": 0.49795881901565825}","{""n"": 0, ""mean"": null, ""std"": null, ""ci95"": null, ""median"": null, ""minimum"": null, ""maximum"": null}","{""n"": 0, ""mean"": null, ""std"": null, ""ci95"": null, ""median"": null, ""minimum"": null, ""maximum"": null}","{""n"": 0, ""mean"": null, ""std"": null, ""ci95"": null, ""median"": null, ""minimum"": null, ""maximum"": null}"
A,jpeg_compression,"{""n"": 5, ""mean"": 0.792964, ""std"": 0.0042849130679629855, ""ci95"": [0.7876435777080775, 0.7982844222919225], ""median"": 0.79246, ""minimum"": 0.788, ""maximum"": 0.79976}","{""n"": 5, ""mean"": 0.828816613494873, ""std"": 0.02456899487204809, ""ci95"": [0.7983101770901979, 0.8593230498995481], ""median"": 0.8248421273612976, ""minimum"": 0.7958921144104004, ""maximum"": 0.8641191313171387}","{""n"": 5, ""mean"": 0.12407416834902764, ""std"": 0.00417904350959504, ""ci95"": [0.11888520047623637, 0.12926313622181893], ""median"": 0.12412154607445001, ""minimum"": 0.1181364214795828, ""maximum"": 0.1296955536070466}","{""n"": 5, ""mean"": 0.32913055802345276, ""std"": 0.0075372581612692105, ""ci95"": [0.31977181591943726, 0.33848930012746825], ""median"": 0.3291473825550079, ""minimum"": 0.3175073417711258, ""maximum"": 0.33840670934677125}","{""n"": 5, ""mean"": 0.2508291415931655, ""std"": 0.0023168322409082495, ""ci95"": [0.24795241440975196, 0.253705868776579], ""median"": 0.2504312655652722, ""minimum"": 0.24767771590356716, ""maximum"": 0.25397301799646}","{""n"": 5, ""mean"": 0.2508291415931655, ""std"": 0.0023168322409082495, ""ci95"": [0.24795241440975196, 0.253705868776579], ""median"": 0.2504312655652722, ""minimum"": 0.24767771590356716, ""maximum"": 0.25397301799646}","{""n"": 0, ""mean"": null, ""std"": null, ""ci95"": null, ""median"": null, ""minimum"": null, ""maximum"": null}","{""n"": 0, ""mean"": null, ""std"": null, ""ci95"": null, ""median"": null, ""minimum"": null, ""maximum"": null}","{""n"": 0, ""mean"": null, ""std"": null, ""ci95"": null, ""median"": null, ""minimum"": null, ""maximum"": null}"
A,motion_blur,"{""n"": 5, ""mean"": 0.785988, ""std"": 0.0075894479377619705, ""ci95"": [0.7765644557294391, 0.7954115442705609], ""median"": 0.78294, ""minimum"": 0.77814, ""maximum"": 0.79426}","{""n"": 5, ""mean"": 0.8814926334537267, ""std"": 0.0415982162297392, ""ci95"": [0.8298416259717639, 0.9331436409356896], ""median"": 0.9077244672584533, ""minimum"": 0.8285595962637663, ""maximum"": 0.9170421489334106}","{""n"": 5, ""mean"": 0.13316307697230578, ""std"": 0.004940653677721213, ""ci95"": [0.1270284451730863, 0.13929770877152525], ""median"": 0.13578710675686598, ""minimum"": 0.12770143753081561, ""maximum"": 0.137914390797019}","{""n"": 5, ""mean"": 0.3422170392662436, ""std"": 0.012579953058444027, ""ci95"": [0.3265969644544803, 0.3578371140780069], ""median"": 0.34823266236305234, ""minimum"": 0.3282710729724914, ""maximum"": 0.3551226243686676}","{""n"": 5, ""mean"": 0.2434907567134304, ""std"": 0.005827896466940702, ""ci95"": [0.2362544674851712, 0.2507270459416896], ""median"": 0.2439519660153758, ""minimum"": 0.23722343118822783, ""maximum"": 0.25043985967710675}","{""n"": 5, ""mean"": 0.2434907567134304, ""std"": 0.005827896466940702, ""ci95"": [0.2362544674851712, 0.2507270459416896], ""median"": 0.2439519660153758, ""minimum"": 0.23722343118822783, ""maximum"": 0.25043985967710675}","{""n"": 0, ""mean"": null, ""std"": null, ""ci95"": null, ""median"": null, ""minimum"": null, ""maximum"": null}","{""n"": 0, ""mean"": null, ""std"": null, ""ci95"": null, ""median"": null, ""minimum"": null, ""maximum"": null}","{""n"": 0, ""mean"": null, ""std"": null, ""ci95"": null, ""median"": null, ""minimum"": null, ""maximum"": null}"
A,pixelate,"{""n"": 5, ""mean"": 0.7488239999999999, ""std"": 0.005540657000753628, ""ci95"": [0.7419443656757685, 0.7557036343242314], ""median"": 0.74946, ""minimum"": 0.74152, ""maximum"": 0.75562}","{""n"": 5, ""mean"": 1.2030448754844665, ""std"": 0.03940469515555474, ""ci95"": [1.1541174841496198, 1.2519722668193132], ""median"": 1.2066250319766998, ""minimum"": 1.162295491502285, ""maximum"": 1.2570824152946471}","{""n"": 5, ""mean"": 0.17271820100808144, ""std"": 0.005656316262919463, ""ci95"": [0.1656949567419599, 0.179741445274203], ""median"": 0.172776653547585, ""minimum"": 0.16497827797919512, ""maximum"": 0.17976816071242094}","{""n"": 5, ""mean"": 0.412450413166523, ""std"": 0.01033825488926562, ""ci95"": [0.3996137742662678, 0.42528705206677814], ""median"": 0.41140475402832033, ""minimum"": 0.3995591544866562, ""maximum"": 0.42472687227725986}","{""n"": 5, ""mean"": 0.23445059974854476, ""std"": 0.0018040164114650334, ""ci95"": [0.2322106175182599, 0.23669058197882964], ""median"": 0.23460994186332448, ""minimum"": 0.2316350698459844, ""maximum"": 0.23641219937474264}","{""n"": 5, ""mean"": 0.23445059974854476, ""std"": 0.0018040164114650334, ""ci95"": [0.2322106175182599, 0.23669058197882964], ""median"": 0.23460994186332448, ""minimum"": 0.2316350698459844, ""maximum"": 0.23641219937474264}","{""n"": 0, ""mean"": null, ""std"": null, ""ci95"": null, ""median"": null, ""minimum"": null, ""maximum"": null}","{""n"": 0, ""mean"": null, ""std"": null, ""ci95"": null, ""median"": null, ""minimum"": null, ""maximum"": null}","{""n"": 0, ""mean"": null, ""std"": null, ""ci95"": null, ""median"": null, ""minimum"": null, ""maximum"": null}"
A,saturate,"{""n"": 5, ""mean"": 0.921416, ""std"": 0.0010638984913984894, ""ci95"": [0.9200949955454872, 0.9227370044545128], ""median"": 0.9209, ""minimum"": 0.92038, ""maximum"": 0.92292}","{""n"": 5, ""mean"": 0.30540765607960524, ""std"": 0.0068755098089013575, ""ci95"": [0.29687058308059555, 0.3139447290786149], ""median"": 0.3079339404112101, ""minimum"": 0.29683453369237484, ""maximum"": 0.31194830472707746}","{""n"": 5, ""mean"": 0.044608696350634094, ""std"": 0.000780391708273232, ""ci95"": [0.043639712061974485, 0.045577680639293704], ""median"": 0.044864150607585904, ""minimum"": 0.043709084029495714, ""maximum"": 0.045507827304303645}","{""n"": 5, ""mean"": 0.12535152535733393, ""std"": 0.00193582239120035, ""ci95"": [0.12294788438726373, 0.12775516632740413], ""median"": 0.126473270598948, ""minimum"": 0.12312947206033394, ""maximum"": 0.1269581376385689}","{""n"": 5, ""mean"": 0.10655942850294563, ""std"": 0.0012122560706249387, ""ci95"": [0.10505421378344668, 0.10806464322244458], ""median"": 0.10611555968980421, ""minimum"": 0.10541382553515287, ""maximum"": 0.10860081628948275}","{""n"": 5, ""mean"": 0.10655942850294563, ""std"": 0.0012122560706249387, ""ci95"": [0.10505421378344668, 0.10806464322244458], ""median"": 0.10611555968980421, ""minimum"": 0.10541382553515287, ""maximum"": 0.10860081628948275}","{""n"": 0, ""mean"": null, ""std"": null, ""ci95"": null, ""median"": null, ""minimum"": null, ""maximum"": null}","{""n"": 0, ""mean"": null, ""std"": null, ""ci95"": null, ""median"": null, ""minimum"": null, ""maximum"": null}","{""n"": 0, ""mean"": null, ""std"": null, ""ci95"": null, ""median"": null, ""minimum"": null, ""maximum"": null}"
A,shot_noise,"{""n"": 5, ""mean"": 0.58978, ""std"": 0.007672613635522097, ""ci95"": [0.5802531918766448, 0.5993068081233551], ""median"": 0.59, ""minimum"": 0.57806, ""maximum"": 0.59908}","{""n"": 5, ""mean"": 2.0185594236879347, ""std"": 0.041198400322238767, ""ci95"": [1.9674048532242243, 2.069713994151645], ""median"": 1.9987978263187407, ""minimum"": 1.9746842102384567, ""maximum"": 2.0768345586681365}","{""n"": 5, ""mean"": 0.2965222416899204, ""std"": 0.010136429064543392, ""ci95"": [0.2839362026501306, 0.30910828072971025], ""median"": 0.29914963742733003, ""minimum"": 0.28031243800371886, ""maximum"": 0.30713554925888775}","{""n"": 5, ""mean"": 0.6793615833010673, ""std"": 0.017598872309582812, ""ci95"": [0.6575096971452732, 0.7012134694568615], ""median"": 0.6821622539281845, ""minimum"": 0.6508019012618065, ""maximum"": 0.6960830863547325}","{""n"": 5, ""mean"": 0.33522808675484267, ""std"": 0.02003803419731271, ""ci95"": [0.31034758109726357, 0.36010859241242177], ""median"": 0.3418618129342591, ""minimum"": 0.3061405996648758, ""maximum"": 0.35567432634757773}","{""n"": 5, ""mean"": 0.33522808675484267, ""std"": 0.02003803419731271, ""ci95"": [0.31034758109726357, 0.36010859241242177], ""median"": 0.3418618129342591, ""minimum"": 0.3061405996648758, ""maximum"": 0.35567432634757773}","{""n"": 0, ""mean"": null, ""std"": null, ""ci95"": null, ""median"": null, ""minimum"": null, ""maximum"": null}","{""n"": 0, ""mean"": null, ""std"": null, ""ci95"": null, ""median"": null, ""minimum"": null, ""maximum"": null}","{""n"": 0, ""mean"": null, ""std"": null, ""ci95"": null, ""median"": null, ""minimum"": null, ""maximum"": null}"
A,snow,"{""n"": 5, ""mean"": 0.829712, ""std"": 0.00534635576818454, ""ci95"": [0.8230736225210562, 0.8363503774789438], ""median"": 0.8271, ""minimum"": 0.82484, ""maximum"": 0.83562}","{""n"": 5, ""mean"": 0.6980659283390045, ""std"": 0.024275856050818997, ""ci95"": [0.6679234718551255, 0.7282083848228835], ""median"": 0.7142690858364105, ""minimum"": 0.6693533004760742, ""maximum"": 0.717486272945404}","{""n"": 5, ""mean"": 0.10241040582424402, ""std"": 0.004046588331941675, ""ci95"": [0.09738590277692061, 0.10743490887156742], ""median"": 0.10337944940298796, ""minimum"": 0.09813733762294054, ""maximum"": 0.10738069671452045}","{""n"": 5, ""mean"": 0.2721059042143822, ""std"": 0.008840174981906033, ""ci95"": [0.26112937720152785, 0.28308243122723653], ""median"": 0.27641858325481417, ""minimum"": 0.2615976054430008, ""maximum"": 0.28066157611846926}","{""n"": 5, ""mean"": 0.20708746522784804, ""std"": 0.004694513597889119, ""ci95"": [0.2012584567042711, 0.212916473751425], ""median"": 0.20801128267212304, ""minimum"": 0.20119514837376656, ""maximum"": 0.21181043073016625}","{""n"": 5, ""mean"": 0.20708746522784804, ""std"": 0.004694513597889119, ""ci95"": [0.2012584567042711, 0.212916473751425], ""median"": 0.20801128267212304, ""minimum"": 0.20119514837376656, ""maximum"": 0.21181043073016625}","{""n"": 0, ""mean"": null, ""std"": null, ""ci95"": null, ""median"": null, ""minimum"": null, ""maximum"": null}","{""n"": 0, ""mean"": null, ""std"": null, ""ci95"": null, ""median"": null, ""minimum"": null, ""maximum"": null}","{""n"": 0, ""mean"": null, ""std"": null, ""ci95"": null, ""median"": null, ""minimum"": null, ""maximum"": null}"
A,spatter,"{""n"": 5, ""mean"": 0.843, ""std"": 0.007389614333644238, ""ci95"": [0.8338245819213034, 0.8521754180786966], ""median"": 0.84352, ""minimum"": 0.8346399999999999, ""maximum"": 0.85272}","{""n"": 5, ""mean"": 0.6734193848268389, ""std"": 0.0441687536263213, ""ci95"": [0.6185766336035037, 0.7282621360501742], ""median"": 0.6765838331755996, ""minimum"": 0.6191254935407638, ""maximum"": 0.7205301704788208}","{""n"": 5, ""mean"": 0.09807034477752448, ""std"": 0.0073127507367350296, ""ci95"": [0.08899036545988252, 0.10715032409516644], ""median"": 0.09841778616815805, ""minimum"": 0.08851254190891981, ""maximum"": 0.10713418517380953}","{""n"": 5, ""mean"": 0.2561321352274008, ""std"": 0.012970183840123713, ""ci95"": [0.24002752490303492, 0.2722367455517667], ""median"": 0.2559781942615844, ""minimum"": 0.23916213364243508, ""maximum"": 0.27007756073117256}","{""n"": 5, ""mean"": 0.181308115757434, ""std"": 0.0032172912949729065, ""ci95"": [0.17731332098473176, 0.18530291053013623], ""median"": 0.18013624930821068, ""minimum"": 0.1782616115584038, ""maximum"": 0.18571821782302636}","{""n"": 5, ""mean"": 0.181308115757434, ""std"": 0.0032172912949729065, ""ci95"": [0.17731332098473176, 0.18530291053013623], ""median"": 0.18013624930821068, ""minimum"": 0.1782616115584038, ""maximum"": 0.18571821782302636}","{""n"": 0, ""mean"": null, ""std"": null, ""ci95"": null, ""median"": null, ""minimum"": null, ""maximum"": null}","{""n"": 0, ""mean"": null, ""std"": null, ""ci95"": null, ""median"": null, ""minimum"": null, ""maximum"": null}","{""n"": 0, ""mean"": null, ""std"": null, ""ci95"": null, ""median"": null, ""minimum"": null, ""maximum"": null}"
A,speckle_noise,"{""n"": 5, ""mean"": 0.6301800000000001, ""std"": 0.009709953655914155, ""ci95"": [0.6181235001212244, 0.6422364998787757], ""median"": 0.63238, ""minimum"": 0.61496, ""maximum"": 0.6398}","{""n"": 5, ""mean"": 1.7656048370110988, ""std"": 0.048265821008921135, ""ci95"": [1.7056749047205744, 1.8255347693016233], ""median"": 1.7834142394793033, ""minimum"": 1.682582773923874, ""maximum"": 1.801763849773407}","{""n"": 5, ""mean"": 0.2564597760322094, ""std"": 0.009185505494595866, ""ci95"": [0.2450544645542668, 0.2678650875101519], ""median"": 0.2575623155519366, ""minimum"": 0.24582859840333462, ""maximum"": 0.26578829174220564}","{""n"": 5, ""mean"": 0.603198177679956, ""std"": 0.015498140032445411, ""ci95"": [0.5839546951625479, 0.622441660197364], ""median"": 0.6051480794152617, ""minimum"": 0.5876453672003746, ""maximum"": 0.624167146769762}","{""n"": 5, ""mean"": 0.3339146212585903, ""std"": 0.016623052141338357, ""ci95"": [0.3132743758744264, 0.35455486664275415], ""median"": 0.3372623639502999, ""minimum"": 0.3069317666021234, ""maximum"": 0.35228176531998645}","{""n"": 5, ""mean"": 0.3339146212585903, ""std"": 0.016623052141338357, ""ci95"": [0.3132743758744264, 0.35455486664275415], ""median"": 0.3372623639502999, ""minimum"": 0.3069317666021234, ""maximum"": 0.35228176531998645}","{""n"": 0, ""mean"": null, ""std"": null, ""ci95"": null, ""median"": null, ""minimum"": null, ""maximum"": null}","{""n"": 0, ""mean"": null, ""std"": null, ""ci95"": null, ""median"": null, ""minimum"": null, ""maximum"": null}","{""n"": 0, ""mean"": null, ""std"": null, ""ci95"": null, ""median"": null, ""minimum"": null, ""maximum"": null}"
A,zoom_blur,"{""n"": 5, ""mean"": 0.786856, ""std"": 0.009873230474368572, ""ci95"": [0.7745967651740082, 0.7991152348259918], ""median"": 0.7850199999999999, ""minimum"": 0.77548, ""maximum"": 0.80204}","{""n"": 5, ""mean"": 0.859710302172184, ""std"": 0.0499318474473607, ""ci95"": [0.7977117248329936, 0.9217088795113745], ""median"": 0.8682066781520843, ""minimum"": 0.7977346787834168, ""maximum"": 0.9314472399711609}","{""n"": 5, ""mean"": 0.1269784025554061, ""std"": 0.007847068430779314, ""ci95"": [0.1172349801934661, 0.1367218249173461], ""median"": 0.12572331464082004, ""minimum"": 0.11749625983297825, ""maximum"": 0.13861501745373012}","{""n"": 5, ""mean"": 0.3377398480437994, ""std"": 0.016108623667126284, ""ci95"": [0.3177383499757156, 0.35774134611188324], ""median"": 0.3409202320098877, ""minimum"": 0.31469596533298494, ""maximum"": 0.35921736103534696}","{""n"": 5, ""mean"": 0.2596282665252104, ""std"": 0.010928547280931077, ""ci95"": [0.24605868281381066, 0.2731978502366102], ""median"": 0.2563712854583797, ""minimum"": 0.2458043260872911, ""maximum"": 0.2745047739603941}","{""n"": 5, ""mean"": 0.2596282665252104, ""std"": 0.010928547280931077, ""ci95"": [0.24605868281381066, 0.2731978502366102], ""median"": 0.2563712854583797, ""minimum"": 0.2458043260872911, ""maximum"": 0.2745047739603941}","{""n"": 0, ""mean"": null, ""std"": null, ""ci95"": null, ""median"": null, ""minimum"": null, ""maximum"": null}","{""n"": 0, ""mean"": null, ""std"": null, ""ci95"": null, ""median"": null, ""minimum"": null, ""maximum"": null}","{""n"": 0, ""mean"": null, ""std"": null, ""ci95"": null, ""median"": null, ""minimum"": null, ""maximum"": null}"
C,brightness,"{""n"": 4, ""mean"": 0.93752, ""std"": 0.0013057820134565424, ""ci95"": [0.9354422094278844, 0.9395977905721157], ""median"": 0.9375800000000001, ""minimum"": 0.93598, ""maximum"": 0.93894}","{""n"": 4, ""mean"": 0.24700789451479913, ""std"": 0.007661211260619144, ""ci95"": [0.23481719777961935, 0.2591985912499789], ""median"": 0.24709851508140562, ""minimum"": 0.23983464182376862, ""maximum"": 0.2539999060726166}","{""n"": 4, ""mean"": 0.03597377993188799, ""std"": 0.0016292361518509815, ""ci95"": [0.033381301645941136, 0.03856625821783484], ""median"": 0.03585053003877402, ""minimum"": 0.03412042909622193, ""maximum"": 0.03807363055378199}","{""n"": 4, ""mean"": 0.10093872039169073, ""std"": 0.0021363613903262885, ""ci95"": [0.09753929268499281, 0.10433814809838865], ""median"": 0.10075292155742645, ""minimum"": 0.09890501718878746, ""maximum"": 0.10334402126312256}","{""n"": 4, ""mean"": 0.08456239880748304, ""std"": 0.0016789210859749438, ""ci95"": [0.08189086070402063, 0.08723393691094544], ""median"": 0.08464364789526357, ""minimum"": 0.08271053142272111, ""maximum"": 0.08625176801668392}","{""n"": 4, ""mean"": 0.08530407382377009, ""std"": 0.0018078789911927361, ""ci95"": [0.0824273349158089, 0.08818081273173127], ""median"": 0.08556249629010504, ""minimum"": 0.08314644197845278, ""maximum"": 0.08694486073641747}","{""n"": 4, ""mean"": 0.005559999999999993, ""std"": 0.0007599999999999956, ""ci95"": [0.00435067040399198, 0.006769329596008006], ""median"": 0.005340000000000001, ""minimum"": 0.0049799999999999844, ""maximum"": 0.006579999999999986}","{""n"": 0, ""mean"": null, ""std"": null, ""ci95"": null, ""median"": null, ""minimum"": null, ""maximum"": null}","{""n"": 4, ""mean"": 0.07003914336977479, ""std"": 0.000936475506170247, ""ci95"": [0.06854900186247444, 0.07152928487707515], ""median"": 0.07007557070464138, ""minimum"": 0.06886081246184415, ""maximum"": 0.07114461960797225}"
C,contrast,"{""n"": 4, ""mean"": 0.7639, ""std"": 0.014519880623935362, ""ci95"": [0.7407956297775942, 0.7870043702224059], ""median"": 0.76261, ""minimum"": 0.74808, ""maximum"": 0.7823}","{""n"": 4, ""mean"": 0.9961775851815939, ""std"": 0.09813493951925446, ""ci95"": [0.840022997335421, 1.152332173027767], ""median"": 1.0140631336176396, ""minimum"": 0.864624867105484, ""maximum"": 1.0919592063856125}","{""n"": 4, ""mean"": 0.1485814111918956, ""std"": 0.012792113286182976, ""ci95"": [0.12822630435970023, 0.168936518024091], ""median"": 0.15075466432973744, ""minimum"": 0.13138301607072353, ""maximum"": 0.16143330003738404}","{""n"": 4, ""mean"": 0.3706496570903063, ""std"": 0.02453866215260186, ""ci95"": [0.331603169738223, 0.40969614444238955], ""median"": 0.37370699850440026, ""minimum"": 0.3385984157371521, ""maximum"": 0.3965862156152725}","{""n"": 4, ""mean"": 0.26610325060168183, ""std"": 0.006859119815515511, ""ci95"": [0.2551888603444871, 0.27701764085887653], ""median"": 0.2678914003790336, ""minimum"": 0.2563745199210348, ""maximum"": 0.2722556817276252}","{""n"": 4, ""mean"": 0.25955200899540976, ""std"": 0.007244399482946005, ""ci95"": [0.24802455281115737, 0.27107946517966214], ""median"": 0.2603898459397386, ""minimum"": 0.2499238542254409, ""maximum"": 0.26750448987672104}","{""n"": 4, ""mean"": 0.017709999999999986, ""std"": 0.0011124147907442905, ""ci95"": [0.015939899829626118, 0.019480100170373854], ""median"": 0.017959999999999986, ""minimum"": 0.01621999999999999, ""maximum"": 0.018699999999999984}","{""n"": 0, ""mean"": null, ""std"": null, ""ci95"": null, ""median"": null, ""minimum"": null, ""maximum"": null}","{""n"": 4, ""mean"": 0.07579429040498657, ""std"": 0.0013182744410771012, ""ci95"": [0.07369662159280832, 0.07789195921716482], ""median"": 0.0756805284993661, ""minimum"": 0.07430153833522574, ""maximum"": 0.07751456628598832}"
C,defocus_blur,"{""n"": 4, ""mean"": 0.829195, ""std"": 0.004385137778147157, ""ci95"": [0.8222172672398866, 0.8361727327601134], ""median"": 0.83072, ""minimum"": 0.8229, ""maximum"": 0.83244}","{""n"": 4, ""mean"": 0.6967723859027029, ""std"": 0.033718228101454605, ""ci95"": [0.6431191606815998, 0.7504256111238059], ""median"": 0.7060511350566149, ""minimum"": 0.6490224234533309, ""maximum"": 0.7259648500442505}","{""n"": 4, ""mean"": 0.10712456572473049, ""std"": 0.006834680672998132, ""ci95"": [0.09624906359694016, 0.11800006785252082], ""median"": 0.10996577049955725, ""minimum"": 0.0970563732406497, ""maximum"": 0.11151034865915775}","{""n"": 4, ""mean"": 0.2730601212389767, ""std"": 0.008573380167325175, ""ci95"": [0.25941796022032604, 0.2867022822576274], ""median"": 0.27341602951914074, ""minimum"": 0.2625074302625656, ""maximum"": 0.28290099565505983}","{""n"": 4, ""mean"": 0.19540648552890716, ""std"": 0.017684458312101352, ""ci95"": [0.1672665660207569, 0.22354640503705742], ""median"": 0.1909988735825784, ""minimum"": 0.18113622387364506, ""maximum"": 0.21849197107682675}","{""n"": 4, ""mean"": 0.19412102924882854, ""std"": 0.017215176485798362, ""ci95"": [0.16672784184780579, 0.2215142166498513], ""median"": 0.19015323217019192, ""minimum"": 0.1799254230147449, ""maximum"": 0.2162522296401854}","{""n"": 4, ""mean"": 0.013130000000000003, ""std"": 0.001532797007651907, ""ci95"": [0.01069097791312371, 0.015569022086876296], ""median"": 0.012549999999999995, ""minimum"": 0.012040000000000028, ""maximum"": 0.015379999999999994}","{""n"": 0, ""mean"": null, ""std"": null, ""ci95"": null, ""median"": null, ""minimum"": null, ""maximum"": null}","{""n"": 4, ""mean"": 0.07406136624758337, ""std"": 0.0014975891691165282, ""ci95"": [0.07167836768853907, 0.07644436480662768], ""median"": 0.07394227956834949, ""minimum"": 0.07237659891856357, ""maximum"": 0.07598430693507095}"
C,elastic_transform,"{""n"": 4, ""mean"": 0.8467250000000001, ""std"": 0.004959579955332238, ""ci95"": [0.8388332015476956, 0.8546167984523045], ""median"": 0.84865, ""minimum"": 0.8394, ""maximum"": 0.8502000000000001}","{""n"": 4, ""mean"": 0.6073807217496634, ""std"": 0.03097787715235688, ""ci95"": [0.5580880064051295, 0.6566734370941973], ""median"": 0.5975097217690946, ""minimum"": 0.5820636661624908, ""maximum"": 0.6524397772979736}","{""n"": 4, ""mean"": 0.09103075737714768, ""std"": 0.005201361531473452, ""ci95"": [0.08275423048300498, 0.09930728427129037], ""median"": 0.08938271213009955, ""minimum"": 0.08675115316152572, ""maximum"": 0.0986064520868659}","{""n"": 4, ""mean"": 0.24479228558540345, ""std"": 0.009020806886334056, ""ci95"": [0.23043816881235513, 0.25914640235845177], ""median"": 0.2408193506836891, ""minimum"": 0.2392963236093521, ""maximum"": 0.25823411736488344}","{""n"": 4, ""mean"": 0.19136762900074522, ""std"": 0.005757371211351507, ""ci95"": [0.18220636663088743, 0.200528891370603], ""median"": 0.19081101565349118, ""minimum"": 0.18501403471845376, ""maximum"": 0.1988344499775447}","{""n"": 4, ""mean"": 0.1920983034586769, ""std"": 0.005188893066611103, ""ci95"": [0.18384161667450108, 0.20035499024285272], ""median"": 0.19170257404607488, ""minimum"": 0.1862444084531939, ""maximum"": 0.1987436572893639}","{""n"": 4, ""mean"": 0.012970000000000004, ""std"": 0.000745564662968074, ""ci95"": [0.011783640246493378, 0.01415635975350663], ""median"": 0.0128, ""minimum"": 0.012259999999999983, ""maximum"": 0.014020000000000032}","{""n"": 0, ""mean"": null, ""std"": null, ""ci95"": null, ""median"": null, ""minimum"": null, ""maximum"": null}","{""n"": 4, ""mean"": 0.07366672632042161, ""std"": 0.0010843362692556458, ""ci95"": [0.07194130534353244, 0.07539214729731078], ""median"": 0.07361101370089504, ""minimum"": 0.07239844174859812, ""maximum"": 0.07504643613129824}"
C,fog,"{""n"": 4, ""mean"": 0.8838900000000001, ""std"": 0.008135625360106006, ""ci95"": [0.8709444045657769, 0.8968355954342232], ""median"": 0.8868100000000001, ""minimum"": 0.872, ""maximum"": 0.88994}","{""n"": 4, ""mean"": 0.47770222301855686, ""std"": 0.04367009175637441, ""ci95"": [0.4082133619378076, 0.5471910840993061], ""median"": 0.4683525051394105, ""minimum"": 0.4352865136408806, ""maximum"": 0.5388173681545257}","{""n"": 4, ""mean"": 0.07254116321898997, ""std"": 0.007246763854633805, ""ci95"": [0.061009944791766524, 0.08407238164621342], ""median"": 0.07030415354251862, ""minimum"": 0.06658502985268831, ""maximum"": 0.08297131593823433}","{""n"": 4, ""mean"": 0.18807414176534862, ""std"": 0.014384543870368013, ""ci95"": [0.16518512251862258, 0.21096316101207466], ""median"": 0.18352405885361134, ""minimum"": 0.17632819072246553, ""maximum"": 0.20892025863170624}","{""n"": 4, ""mean"": 0.13522589044398955, ""std"": 0.003303721176649217, ""ci95"": [0.12996893281783123, 0.14048284807014788], ""median"": 0.13503215873474123, ""minimum"": 0.13179885431107483, ""maximum"": 0.13904038999540091}","{""n"": 4, ""mean"": 0.13539666271917553, ""std"": 0.002908301312141781, ""ci95"": [0.13076890633643604, 0.14002441910191502], ""median"": 0.13497304148413503, ""minimum"": 0.13265249114332198, ""maximum"": 0.13898807676511002}","{""n"": 4, ""mean"": 0.008465, ""std"": 0.0005004997502496952, ""ci95"": [0.007668593209511081, 0.00926140679048892], ""median"": 0.008309999999999994, ""minimum"": 0.008079999999999999, ""maximum"": 0.009160000000000012}","{""n"": 0, ""mean"": null, ""std"": null, ""ci95"": null, ""median"": null, ""minimum"": null, ""maximum"": null}","{""n"": 4, ""mean"": 0.07189398657760201, ""std"": 0.001143045085441944, ""ci95"": [0.07007514677313299, 0.07371282638207104], ""median"": 0.0719378287022539, ""minimum"": 0.07047379060984703, ""maximum"": 0.07322649829605322}"
C,frost,"{""n"": 4, ""mean"": 0.78957, ""std"": 0.007563500071615879, ""ci95"": [0.7775347835710343, 0.8016052164289657], ""median"": 0.79255, ""minimum"": 0.77852, ""maximum"": 0.79466}","{""n"": 4, ""mean"": 0.9204708644914628, ""std"": 0.04834764207692794, ""ci95"": [0.8435389770430001, 0.9974027519399254], ""median"": 0.8981259672784805, ""minimum"": 0.8928695327472687, ""maximum"": 0.9927619906616211}","{""n"": 4, ""mean"": 0.13326003791436553, ""std"": 0.007582010644011049, ""ci95"": [0.12119536703403606, 0.14532470879469497], ""median"": 0.130293617695719, ""minimum"": 0.128109486694932, ""maximum"": 0.14434342957109214}","{""n"": 4, ""mean"": 0.3379036616945267, ""std"": 0.013886031523802965, ""ci95"": [0.3158078868355329, 0.35999943655352046], ""median"": 0.3318913091897964, ""minimum"": 0.329390227804184, ""maximum"": 0.35844180059432984}","{""n"": 4, ""mean"": 0.23280600618935293, ""std"": 0.0020780863187160547, ""ci95"": [0.2294993071258231, 0.23611270525288278], ""median"": 0.2320382427621854, ""minimum"": 0.23131762768281622, ""maximum"": 0.23582991155022465}","{""n"": 4, ""mean"": 0.23404416333982517, ""std"": 0.0011431412927116193, ""ci95"": [0.2322251704481212, 0.23586315623152915], ""median"": 0.2338877025106098, ""minimum"": 0.23281837548309764, ""maximum"": 0.23558287285498342}","{""n"": 4, ""mean"": 0.013515000000000004, ""std"": 0.0004073900669710283, ""ci95"": [0.012866751493279276, 0.014163248506720733], ""median"": 0.013380000000000026, ""minimum"": 0.01319999999999999, ""maximum"": 0.014099999999999979}","{""n"": 0, ""mean"": null, ""std"": null, ""ci95"": null, ""median"": null, ""minimum"": null, ""maximum"": null}","{""n"": 4, ""mean"": 0.0733236213300775, ""std"": 0.0009167117813948524, ""ci95"": [0.0718649283192222, 0.0747823143409328], ""median"": 0.07349851839632787, ""minimum"": 0.0721139691210534, ""maximum"": 0.07418347940660087}"
C,gaussian_blur,"{""n"": 4, ""mean"": 0.73746, ""std"": 0.0038932077605320524, ""ci95"": [0.7312650376733953, 0.7436549623266047], ""median"": 0.73695, ""minimum"": 0.73332, ""maximum"": 0.7426200000000001}","{""n"": 4, ""mean"": 1.1088415478420257, ""std"": 0.054672401914838215, ""ci95"": [1.0218455561045792, 1.1958375395794723], ""median"": 1.12277219489336, ""minimum"": 1.031249172449112, ""maximum"": 1.1585726291322709}","{""n"": 4, ""mean"": 0.16909569457717238, ""std"": 0.01113121402314793, ""ci95"": [0.15138344910652463, 0.18680794004782014], ""median"": 0.17057784470409154, ""minimum"": 0.15424561917126178, ""maximum"": 0.1809814697292447}","{""n"": 4, ""mean"": 0.4187660259613395, ""std"": 0.010663834216879699, ""ci95"": [0.40179748605950316, 0.4357345658631758], ""median"": 0.4201776325500012, ""minimum"": 0.40493109847068787, ""maximum"": 0.42977774027466775}","{""n"": 4, ""mean"": 0.28366931679296414, ""std"": 0.03476967620190002, ""ci95"": [0.2283430030106307, 0.3389956305752976], ""median"": 0.2772708185205236, ""minimum"": 0.2522888238658832, ""maximum"": 0.3278468062649263}","{""n"": 4, ""mean"": 0.27863630602611084, ""std"": 0.03363440052770936, ""ci95"": [0.225116469181181, 0.33215614287104067], ""median"": 0.27278592529794027, ""minimum"": 0.2481700091418647, ""maximum"": 0.3208033643666981}","{""n"": 4, ""mean"": 0.018319999999999996, ""std"": 0.0018267639876750916, ""ci95"": [0.015413210848398525, 0.021226789151601467], ""median"": 0.017640000000000003, ""minimum"": 0.016980000000000016, ""maximum"": 0.021019999999999973}","{""n"": 0, ""mean"": null, ""std"": null, ""ci95"": null, ""median"": null, ""minimum"": null, ""maximum"": null}","{""n"": 4, ""mean"": 0.07677648834609078, ""std"": 0.0019059045604621007, ""ci95"": [0.07374376888275727, 0.0798092078094243], ""median"": 0.0764797265963728, ""minimum"": 0.07479060655475432, ""maximum"": 0.07935589363686321}"
C,gaussian_noise,"{""n"": 4, ""mean"": 0.44956, ""std"": 0.04122775763972618, ""ci95"": [0.3839574375121492, 0.5151625624878509], ""median"": 0.46146, ""minimum"": 0.39188, ""maximum"": 0.48344000000000004}","{""n"": 4, ""mean"": 3.0461917439746857, ""std"": 0.4598235672755735, ""ci95"": [2.3145098375952964, 3.777873650354075], ""median"": 2.900480075826645, ""minimum"": 2.6825576522254946, ""maximum"": 3.7012491720199585}","{""n"": 4, ""mean"": 0.4273613320846111, ""std"": 0.05447280052878312, ""ci95"": [0.3406829506939548, 0.5140397134752673], ""median"": 0.40944347795560954, ""minimum"": 0.3858672790196538, ""maximum"": 0.5046910934075713}","{""n"": 4, ""mean"": 0.9392669953644275, ""std"": 0.09680746678458202, ""ci95"": [0.7852247128681664, 1.0933092778606885], ""median"": 0.9044070653963089, ""minimum"": 0.8711293899869919, ""maximum"": 1.0771244606781005}","{""n"": 4, ""mean"": 0.35693708391211215, ""std"": 0.041041696438980424, ""ci95"": [0.2916305863146964, 0.4222435815095279], ""median"": 0.35904775484346696, ""minimum"": 0.3047034855389164, ""maximum"": 0.40494934042259817}","{""n"": 4, ""mean"": 0.3623804259499109, ""std"": 0.03990116283603106, ""ci95"": [0.2988887718278745, 0.42587208007194727], ""median"": 0.36311847412105624, ""minimum"": 0.31278515623677117, ""maximum"": 0.41049959932075986}","{""n"": 4, ""mean"": 0.020365, ""std"": 0.005887917005755676, ""ci95"": [0.010996010139606237, 0.029733989860393766], ""median"": 0.02016, ""minimum"": 0.014339999999999974, ""maximum"": 0.026800000000000025}","{""n"": 0, ""mean"": null, ""std"": null, ""ci95"": null, ""median"": null, ""minimum"": null, ""maximum"": null}","{""n"": 4, ""mean"": 0.07468063450162857, ""std"": 0.0016308597352910302, ""ci95"": [0.07208557273212167, 0.07727569627113547], ""median"": 0.07487740964855152, ""minimum"": 0.0725209671822831, ""maximum"": 0.07644675152712811}"
C,glass_blur,"{""n"": 4, ""mean"": 0.5598350000000001, ""std"": 0.013599778184465606, ""ci95"": [0.5381947180820811, 0.5814752819179191], ""median"": 0.55958, ""minimum"": 0.54344, ""maximum"": 0.57674}","{""n"": 4, ""mean"": 2.0094330822563173, ""std"": 0.10436026642984654, ""ci95"": [1.843372610097244, 2.1754935544153904], ""median"": 1.9937995324897768, ""minimum"": 1.8991950717544555, ""maximum"": 2.15093819229126}","{""n"": 4, ""mean"": 0.29232478010080754, ""std"": 0.016233457185532867, ""ci95"": [0.2664937271797629, 0.3181558330218522], ""median"": 0.2943896715205908, ""minimum"": 0.2706019979560375, ""maximum"": 0.3099177794060111}","{""n"": 4, ""mean"": 0.7058248447704315, ""std"": 0.02541663761274253, ""ci95"": [0.6653813025387207, 0.7462683870021423], ""median"": 0.7068093309640884, ""minimum"": 0.6737430247020721, ""maximum"": 0.7359376924514771}","{""n"": 4, ""mean"": 0.4405142984092332, ""std"": 0.010332457604476403, ""ci95"": [0.42407305264529704, 0.4569555441731693], ""median"": 0.43664961151202963, ""minimum"": 0.4332095555064152, ""maximum"": 0.4555484151064581}","{""n"": 4, ""mean"": 0.43592101948758966, ""std"": 0.009397926280775458, ""ci95"": [0.4209668216027958, 0.4508752173723835], ""median"": 0.4330949258987664, ""minimum"": 0.428772394991006, ""maximum"": 0.44872183116181985}","{""n"": 4, ""mean"": 0.026985, ""std"": 0.0034007597190431845, ""ci95"": [0.021573632398485733, 0.032396367601514264], ""median"": 0.028229999999999988, ""minimum"": 0.022, ""maximum"": 0.029480000000000017}","{""n"": 0, ""mean"": null, ""std"": null, ""ci95"": null, ""median"": null, ""minimum"": null, ""maximum"": null}","{""n"": 4, ""mean"": 0.07765371570188409, ""std"": 0.0008234707661569755, ""ci95"": [0.07634338995325116, 0.07896404145051703], ""median"": 0.07779932096204178, ""minimum"": 0.0765736393081946, ""maximum"": 0.07844258157525821}"
C,impulse_noise,"{""n"": 4, ""mean"": 0.538015, ""std"": 0.029968011278695115, ""ci95"": [0.4903292066146998, 0.5857007933853002], ""median"": 0.5380100000000001, ""minimum"": 0.50238, ""maximum"": 0.57366}","{""n"": 4, ""mean"": 2.2040045078349113, ""std"": 0.26530472872358446, ""ci95"": [1.781845480984504, 2.6261635346853187], ""median"": 2.136488029985428, ""minimum"": 1.9614278735733033, ""maximum"": 2.5816140977954865}","{""n"": 4, ""mean"": 0.31330307411402464, ""std"": 0.032501882685680335, ""ci95"": [0.2615853258801117, 0.3650208223479376], ""median"": 0.30500999262109396, ""minimum"": 0.28387570940196516, ""maximum"": 0.3593166018119454}","{""n"": 4, ""mean"": 0.7406900874447823, ""std"": 0.06112025089847558, ""ci95"": [0.6434341291198319, 0.8379460457697326], ""median"": 0.7304035655641556, ""minimum"": 0.6782583406877518, ""maximum"": 0.8236948779630662}","{""n"": 4, ""mean"": 0.43951177433392863, ""std"": 0.028506786089727527, ""ci95"": [0.39415111630053756, 0.4848724323673197], ""median"": 0.43791489658822713, ""minimum"": 0.4099434561223543, ""maximum"": 0.472273848036906}","{""n"": 4, ""mean"": 0.4323421146446561, ""std"": 0.03375590623247973, ""ci95"": [0.37862893510911755, 0.48605529418019466], ""median"": 0.43253309181249905, ""minimum"": 0.39556417202718264, ""maximum"": 0.4687381029264437}","{""n"": 4, ""mean"": 0.028750000000000005, ""std"": 0.0024391528584052947, ""ci95"": [0.024868763498872265, 0.032631236501127744], ""median"": 0.028730000000000012, ""minimum"": 0.025819999999999975, ""maximum"": 0.03172000000000001}","{""n"": 0, ""mean"": null, ""std"": null, ""ci95"": null, ""median"": null, ""minimum"": null, ""maximum"": null}","{""n"": 4, ""mean"": 0.075843629334983, ""std"": 0.000896078696378063, ""ci95"": [0.07441776816671684, 0.07726949050324915], ""median"": 0.07586196547632851, ""minimum"": 0.0747506166837237, ""maximum"": 0.07689996970355126}"
C,jpeg_compression,"{""n"": 4, ""mean"": 0.795125, ""std"": 0.004734592555507459, ""ci95"": [0.7875912067073494, 0.8026587932926506], ""median"": 0.79628, ""minimum"": 0.78858, ""maximum"": 0.79936}","{""n"": 4, ""mean"": 0.8319863527536393, ""std"": 0.025977160976643435, ""ci95"": [0.7906508927676926, 0.873321812739586], ""median"": 0.8283338028335572, ""minimum"": 0.8043506755638123, ""maximum"": 0.8669271297836304}","{""n"": 4, ""mean"": 0.12502968213938176, ""std"": 0.004994911322548341, ""ci95"": [0.11708166359754851, 0.132977700681215], ""median"": 0.12464666999980807, ""minimum"": 0.1193200733795762, ""maximum"": 0.13150531517833472}","{""n"": 4, ""mean"": 0.32718814713954925, ""std"": 0.007727775308775182, ""ci95"": [0.31489153214980997, 0.3394847621292885], ""median"": 0.3252273394918442, ""minimum"": 0.3201624361896515, ""maximum"": 0.33813547338485717}","{""n"": 4, ""mean"": 0.2422072785689845, ""std"": 0.0058037266821886055, ""ci95"": [0.23297225430067908, 0.2514423028372899], ""median"": 0.24253080327460222, ""minimum"": 0.23489983816724447, ""maximum"": 0.24886766955948902}","{""n"": 4, ""mean"": 0.24194976793244188, ""std"": 0.005538426462474763, ""ci95"": [0.2331368955161462, 0.2507626403487376], ""median"": 0.24240214245459793, ""minimum"": 0.23481319056525127, ""maximum"": 0.24818159625532046}","{""n"": 4, ""mean"": 0.015970000000000005, ""std"": 0.0006049793384901533, ""ci95"": [0.015007342869724351, 0.01693265713027566], ""median"": 0.015720000000000012, ""minimum"": 0.015580000000000016, ""maximum"": 0.016859999999999986}","{""n"": 0, ""mean"": null, ""std"": null, ""ci95"": null, ""median"": null, ""minimum"": null, ""maximum"": null}","{""n"": 4, ""mean"": 0.07458269195346864, ""std"": 0.001122912899439064, ""ci95"": [0.0727958869494807, 0.07636949695745658], ""median"": 0.07443127013462243, ""minimum"": 0.07341542173519965, ""maximum"": 0.07605280580943007}"
C,motion_blur,"{""n"": 4, ""mean"": 0.78305, ""std"": 0.01074644127141636, ""ci95"": [0.7659500138404134, 0.8001499861595867], ""median"": 0.78601, ""minimum"": 0.76782, ""maximum"": 0.7923600000000001}","{""n"": 4, ""mean"": 0.9050287277579308, ""std"": 0.06819318246493829, ""ci95"": [0.7965181569673715, 1.01353929854849], ""median"": 0.9008961365222932, ""minimum"": 0.8263670216178894, ""maximum"": 0.9919556163692475}","{""n"": 4, ""mean"": 0.13938408316731454, ""std"": 0.010422611916444722, ""ci95"": [0.12279938177486392, 0.15596878455976515], ""median"": 0.13875823953464628, ""minimum"": 0.1275954931050539, ""maximum"": 0.15242436049491168}","{""n"": 4, ""mean"": 0.3499725089156628, ""std"": 0.018782092311699073, ""ci95"": [0.32008600877422544, 0.3798590090571001], ""median"": 0.34692215980768204, ""minimum"": 0.3305985563516617, ""maximum"": 0.3754471596956253}","{""n"": 4, ""mean"": 0.2364450745194027, ""std"": 0.008443741537784521, ""ci95"": [0.2230091974895539, 0.2498809515492515], ""median"": 0.2362970531633694, ""minimum"": 0.2272739383220172, ""maximum"": 0.24591225342885475}","{""n"": 4, ""mean"": 0.23592350674918264, ""std"": 0.00822799576128585, ""ci95"": [0.22283092939398327, 0.249016084104382], ""median"": 0.2359148135461261, ""minimum"": 0.2268836007780634, ""maximum"": 0.24498079912641493}","{""n"": 4, ""mean"": 0.015125, ""std"": 0.0013566994263039074, ""ci95"": [0.012966188461688925, 0.017283811538311072], ""median"": 0.015160000000000007, ""minimum"": 0.013499999999999979, ""maximum"": 0.016680000000000007}","{""n"": 0, ""mean"": null, ""std"": null, ""ci95"": null, ""median"": null, ""minimum"": null, ""maximum"": null}","{""n"": 4, ""mean"": 0.07520292319150487, ""std"": 0.0014501782559834303, ""ci95"": [0.07289536597512584, 0.0775104804078839], ""median"": 0.07523938630149477, ""minimum"": 0.07339970688599391, ""maximum"": 0.07693321327703606}"
C,pixelate,"{""n"": 4, ""mean"": 0.760025, ""std"": 0.007920932184198174, ""ci95"": [0.7474210293179956, 0.7726289706820043], ""median"": 0.7612699999999999, ""minimum"": 0.74924, ""maximum"": 0.76832}","{""n"": 4, ""mean"": 1.1232527630901337, ""std"": 0.05116067326456436, ""ci95"": [1.0418447152867996, 1.2046608108934678], ""median"": 1.1265097747278214, ""minimum"": 1.0601154446220398, ""maximum"": 1.1798760582828522}","{""n"": 4, ""mean"": 0.16226270370848478, ""std"": 0.00563316111978989, ""ci95"": [0.15329908731211164, 0.17122632010485792], ""median"": 0.16201982770860196, ""minimum"": 0.1556744749739766, ""maximum"": 0.16933668444275857}","{""n"": 4, ""mean"": 0.3909845300149918, ""std"": 0.01244448835358343, ""ci95"": [0.37118257202398447, 0.4107864880059991], ""median"": 0.3902684064793587, ""minimum"": 0.3765135978126526, ""maximum"": 0.40688770928859713}","{""n"": 4, ""mean"": 0.2339235884188723, ""std"": 0.008067413773246426, ""ci95"": [0.22108653284093857, 0.24676064399680606], ""median"": 0.23198244191684453, ""minimum"": 0.22705690820809687, ""maximum"": 0.2446725616337033}","{""n"": 4, ""mean"": 0.23406188797592833, ""std"": 0.007903531562863199, ""ci95"": [0.22148560556546257, 0.2466381703863941], ""median"": 0.23162231857283377, ""minimum"": 0.22805147543539117, ""maximum"": 0.24495143932265462}","{""n"": 4, ""mean"": 0.014904999999999996, ""std"": 0.0007720751258783064, ""ci95"": [0.013676456184123347, 0.016133543815876644], ""median"": 0.015000000000000003, ""minimum"": 0.014059999999999984, ""maximum"": 0.015559999999999996}","{""n"": 0, ""mean"": null, ""std"": null, ""ci95"": null, ""median"": null, ""minimum"": null, ""maximum"": null}","{""n"": 4, ""mean"": 0.07276561704642236, ""std"": 0.000968920146916621, ""ci95"": [0.07122384887558722, 0.0743073852172575], ""median"": 0.07255666646273251, ""minimum"": 0.07186686943383484, ""maximum"": 0.07408226582638955}"
C,saturate,"{""n"": 4, ""mean"": 0.92152, ""std"": 0.0017697457444503205, ""ci95"": [0.9187039395971408, 0.9243360604028592], ""median"": 0.92144, ""minimum"": 0.91966, ""maximum"": 0.92354}","{""n"": 4, ""mean"": 0.31421781241998076, ""std"": 0.01089410050011968, ""ci95"": [0.2968828674769801, 0.3315527573629814], ""median"": 0.31473324120461943, ""minimum"": 0.3028532503604889, ""maximum"": 0.32455151691019535}","{""n"": 4, ""mean"": 0.045511902119517327, ""std"": 0.00187850828111348, ""ci95"": [0.042522776250179584, 0.04850102798885507], ""median"": 0.04550845354318619, ""minimum"": 0.043581315538585186, ""maximum"": 0.047449385853111745}","{""n"": 4, ""mean"": 0.1267598766601179, ""std"": 0.0032231156273730193, ""ci95"": [0.12163118045019929, 0.13188857287003652], ""median"": 0.1268309663099423, ""minimum"": 0.12336754831671715, ""maximum"": 0.13001002570386977}","{""n"": 4, ""mean"": 0.10398348044590494, ""std"": 0.0028614104281533504, ""ci95"": [0.0994303379234157, 0.10853662296839418], ""median"": 0.10304021830320213, ""minimum"": 0.10168960252899852, ""maximum"": 0.10816388264821697}","{""n"": 4, ""mean"": 0.10423706900328791, ""std"": 0.0027475504535082284, ""ci95"": [0.09986510310861323, 0.1086090348979626], ""median"": 0.10345933752629644, ""minimum"": 0.10184242065765167, ""maximum"": 0.10818718030290707}","{""n"": 4, ""mean"": 0.006774999999999998, ""std"": 0.0003641885958309807, ""ci95"": [0.006195494674385514, 0.007354505325614482], ""median"": 0.006609999999999982, ""minimum"": 0.00656000000000001, ""maximum"": 0.007320000000000016}","{""n"": 0, ""mean"": null, ""std"": null, ""ci95"": null, ""median"": null, ""minimum"": null, ""maximum"": null}","{""n"": 4, ""mean"": 0.0704339643263148, ""std"": 0.0010314095065404748, ""ci95"": [0.0687927616396524, 0.0720751670129772], ""median"": 0.07046715378748987, ""minimum"": 0.06914293790741682, ""maximum"": 0.07165861182286264}"
C,shot_noise,"{""n"": 4, ""mean"": 0.58133, ""std"": 0.036732185705000836, ""ci95"": [0.5228808956590524, 0.6397791043409476], ""median"": 0.59127, ""minimum"": 0.52982, ""maximum"": 0.61296}","{""n"": 4, ""mean"": 2.152689368456304, ""std"": 0.3305412606405158, ""ci95"": [1.6267244616215981, 2.6786542752910103], ""median"": 2.0352986901539563, ""minimum"": 1.9143131211090088, ""maximum"": 2.6258469724082945}","{""n"": 4, ""mean"": 0.30811252328410743, ""std"": 0.04449748797949374, ""ci95"": [0.23730709017672205, 0.37891795639149284], ""median"": 0.2926316612716019, ""minimum"": 0.27554665624558927, ""maximum"": 0.37164011434763666}","{""n"": 4, ""mean"": 0.6995051233865321, ""std"": 0.07960161184890452, ""ci95"": [0.5728411956249231, 0.8261690511481412], ""median"": 0.6719401959732175, ""minimum"": 0.641278361210823, ""maximum"": 0.8128617403888703}","{""n"": 4, ""mean"": 0.32335980456391944, ""std"": 0.029049419528658894, ""ci95"": [0.27713569563910295, 0.3695839134887359], ""median"": 0.3215905141907683, ""minimum"": 0.29018444314777736, ""maximum"": 0.3600737467263639}","{""n"": 4, ""mean"": 0.32723609270412324, ""std"": 0.027885442054744806, ""ci95"": [0.2828641316849527, 0.37160805372329375], ""median"": 0.32443633814542916, ""minimum"": 0.29641788359494936, ""maximum"": 0.36365381093068516}","{""n"": 4, ""mean"": 0.018160000000000003, ""std"": 0.003267333265320002, ""ci95"": [0.012960943660825, 0.023359056339175004], ""median"": 0.01804000000000001, ""minimum"": 0.014379999999999993, ""maximum"": 0.02218}","{""n"": 0, ""mean"": null, ""std"": null, ""ci95"": null, ""median"": null, ""minimum"": null, ""maximum"": null}","{""n"": 4, ""mean"": 0.07410748483338767, ""std"": 0.0013064128843545332, ""ci95"": [0.07202869040489275, 0.07618627926188258], ""median"": 0.07417796457910009, ""minimum"": 0.07245895392606247, ""maximum"": 0.075615056249288}"
C,snow,"{""n"": 4, ""mean"": 0.82593, ""std"": 0.00393647896814737, ""ci95"": [0.8196661835259952, 0.8321938164740049], ""median"": 0.82506, ""minimum"": 0.82236, ""maximum"": 0.83124}","{""n"": 4, ""mean"": 0.73134138931036, ""std"": 0.016656967537088174, ""ci95"": [0.7048364369125368, 0.7578463417081831], ""median"": 0.7319363932609557, ""minimum"": 0.7139278568172455, ""maximum"": 0.7475649139022827}","{""n"": 4, ""mean"": 0.10818793253310025, ""std"": 0.002750401303566936, ""ci95"": [0.10381143029980744, 0.11256443476639305], ""median"": 0.10788800884619355, ""minimum"": 0.10556788217902184, ""maximum"": 0.11140783026099206}","{""n"": 4, ""mean"": 0.2806592376112938, ""std"": 0.005370599759556694, ""ci95"": [0.27211341493031294, 0.28920506029227466], ""median"": 0.28149911993265153, ""minimum"": 0.2739607928752899, ""maximum"": 0.28567791770458223}","{""n"": 4, ""mean"": 0.20157117540351022, ""std"": 0.00738715000207572, ""ci95"": [0.18981657128816695, 0.21332577951885348], ""median"": 0.20169459208090268, ""minimum"": 0.19357716299706634, ""maximum"": 0.2093183544551692}","{""n"": 4, ""mean"": 0.2018678952655541, ""std"": 0.006997632783292113, ""ci95"": [0.1907330999670921, 0.2130026905640161], ""median"": 0.2022585027182952, ""minimum"": 0.19431775391607545, ""maximum"": 0.20863682170955056}","{""n"": 4, ""mean"": 0.013015000000000004, ""std"": 0.0008726014745193469, ""ci95"": [0.011626496330715157, 0.014403503669284851], ""median"": 0.012829999999999998, ""minimum"": 0.012240000000000006, ""maximum"": 0.014160000000000016}","{""n"": 0, ""mean"": null, ""std"": null, ""ci95"": null, ""median"": null, ""minimum"": null, ""maximum"": null}","{""n"": 4, ""mean"": 0.07317738994754694, ""std"": 0.0008727241027185052, ""ci95"": [0.07178869114943243, 0.07456608874566145], ""median"": 0.07311789208899842, ""minimum"": 0.07218623191478035, ""maximum"": 0.07428754369741059}"
C,spatter,"{""n"": 4, ""mean"": 0.84728, ""std"": 0.006276240913158124, ""ci95"": [0.8372931001474231, 0.857266899852577], ""median"": 0.84961, ""minimum"": 0.83806, ""maximum"": 0.85184}","{""n"": 4, ""mean"": 0.6541176227772236, ""std"": 0.027890555781701055, ""ci95"": [0.609737524677324, 0.6984977208771233], ""median"": 0.6457546709513664, ""minimum"": 0.6316039788246155, ""maximum"": 0.693357170381546}","{""n"": 4, ""mean"": 0.09586513129591942, ""std"": 0.004602498529423658, ""ci95"": [0.08854152907589913, 0.10318873351593971], ""median"": 0.09433044637084007, ""minimum"": 0.0924017051589489, ""maximum"": 0.10239792728304863}","{""n"": 4, ""mean"": 0.24958592138946056, ""std"": 0.009476955283346177, ""ci95"": [0.23450597072604595, 0.2646658720528752], ""median"": 0.24591460029244422, ""minimum"": 0.24318817156791686, ""maximum"": 0.2633263134050369}","{""n"": 4, ""mean"": 0.1753659623652113, ""std"": 0.006502249214229782, ""ci95"": [0.16501943287127976, 0.18571249185914282], ""median"": 0.17292935025894024, ""minimum"": 0.170738913914492, ""maximum"": 0.18486623502847271}","{""n"": 4, ""mean"": 0.17415102972378066, ""std"": 0.005654251587179204, ""ci95"": [0.1651538536873976, 0.18314820576016372], ""median"": 0.1720845041415654, ""minimum"": 0.1701891746351245, ""maximum"": 0.18224593597686733}","{""n"": 4, ""mean"": 0.012450000000000011, ""std"": 0.0010683944340301832, ""ci95"": [0.010749946040417197, 0.014150053959582826], ""median"": 0.012260000000000004, ""minimum"": 0.011360000000000014, ""maximum"": 0.013920000000000021}","{""n"": 0, ""mean"": null, ""std"": null, ""ci95"": null, ""median"": null, ""minimum"": null, ""maximum"": null}","{""n"": 4, ""mean"": 0.07216250117501247, ""std"": 0.0010364680437043691, ""ci95"": [0.07051324922689638, 0.07381175312312856], ""median"": 0.07201360960676245, ""minimum"": 0.07106430782243102, ""maximum"": 0.07355847766409397}"
C,speckle_noise,"{""n"": 4, ""mean"": 0.62354, ""std"": 0.03282995786371546, ""ci95"": [0.5713002109469904, 0.6757797890530096], ""median"": 0.63142, ""minimum"": 0.57786, ""maximum"": 0.65346}","{""n"": 4, ""mean"": 1.8626569533336164, ""std"": 0.2626984691688575, ""ci95"": [1.4446450670284852, 2.2806688396387473], ""median"": 1.782628319890499, ""minimum"": 1.6561190583133698, ""maximum"": 2.2292521152400973}","{""n"": 4, ""mean"": 0.26680625176109374, ""std"": 0.03770985314473605, ""ci95"": [0.20680146035445504, 0.32681104316773246], ""median"": 0.25452682363554835, ""minimum"": 0.23848076706677673, ""maximum"": 0.31969059270650146}","{""n"": 4, ""mean"": 0.6197059523070789, ""std"": 0.06807008754570433, ""ci95"": [0.5113912530019774, 0.7280206516121804], ""median"": 0.600282796161361, ""minimum"": 0.5632595555973052, ""maximum"": 0.7149986613082886}","{""n"": 4, ""mean"": 0.3218116182748598, ""std"": 0.021081543532728463, ""ci95"": [0.2882661781121493, 0.3553570584375704], ""median"": 0.31738687894340284, ""minimum"": 0.30126941847993993, ""maximum"": 0.35120329673269357}","{""n"": 4, ""mean"": 0.3244820945955603, ""std"": 0.020147306721077472, ""ci95"": [0.2924232336775994, 0.3565409555135212], ""median"": 0.3188209540611581, ""minimum"": 0.3068124624777795, ""maximum"": 0.35347400778214566}","{""n"": 4, ""mean"": 0.018554999999999995, ""std"": 0.0026501509390976256, ""ci95"": [0.014338018467711565, 0.022771981532288425], ""median"": 0.019059999999999987, ""minimum"": 0.01512, ""maximum"": 0.02098}","{""n"": 0, ""mean"": null, ""std"": null, ""ci95"": null, ""median"": null, ""minimum"": null, ""maximum"": null}","{""n"": 4, ""mean"": 0.07394348761524228, ""std"": 0.0011815636787042068, ""ci95"": [0.07206335613336713, 0.07582361909711742], ""median"": 0.07391654030018291, ""minimum"": 0.07253381517005811, ""maximum"": 0.07540705469054519}"
C,zoom_blur,"{""n"": 4, ""mean"": 0.78773, ""std"": 0.00860521547280094, ""ci95"": [0.7740371819062049, 0.8014228180937952], ""median"": 0.7907299999999999, ""minimum"": 0.77512, ""maximum"": 0.7943399999999999}","{""n"": 4, ""mean"": 0.860353573911339, ""std"": 0.03831575524596865, ""ci95"": [0.7993846570529846, 0.9213224907696935], ""median"": 0.8575324611619115, ""minimum"": 0.8191224795341492, ""maximum"": 0.907226893787384}","{""n"": 4, ""mean"": 0.12938046226724984, ""std"": 0.006807928596004217, ""ci95"": [0.11854752866375348, 0.1402133958707462], ""median"": 0.1296708079478145, ""minimum"": 0.12092241589277983, ""maximum"": 0.13725781728059053}","{""n"": 4, ""mean"": 0.3384020661512762, ""std"": 0.01270050903671138, ""ci95"": [0.31819272212172045, 0.358611410180832], ""median"": 0.3343177866072953, ""minimum"": 0.32873509204626084, ""maximum"": 0.35623759934425353}","{""n"": 4, ""mean"": 0.2525566830282573, ""std"": 0.016143090255019914, ""ci95"": [0.22686942405927804, 0.27824394199723657], ""median"": 0.25286399268811166, ""minimum"": 0.23653563593868632, ""maximum"": 0.26796311079811946}","{""n"": 4, ""mean"": 0.2519654453394863, ""std"": 0.015696889617174508, ""ci95"": [0.22698819115617033, 0.27694269952280226], ""median"": 0.25240869410482586, ""minimum"": 0.2368271022894379, ""maximum"": 0.2662172908588554}","{""n"": 4, ""mean"": 0.016454999999999997, ""std"": 0.0012824325843229963, ""ci95"": [0.014414363580122564, 0.01849563641987743], ""median"": 0.016269999999999996, ""minimum"": 0.015199999999999991, ""maximum"": 0.018080000000000006}","{""n"": 0, ""mean"": null, ""std"": null, ""ci95"": null, ""median"": null, ""minimum"": null, ""maximum"": null}","{""n"": 4, ""mean"": 0.07592982168897834, ""std"": 0.0013576447111929724, ""ci95"": [0.07376950599146595, 0.07809013738649073], ""median"": 0.07595090460829684, ""minimum"": 0.07428142771155354, ""maximum"": 0.07753604982776616}"
D1,brightness,"{""n"": 5, ""mean"": 0.937716, ""std"": 0.0018075065698359102, ""ci95"": [0.9354716841657179, 0.9399603158342821], ""median"": 0.9372199999999999, ""minimum"": 0.93564, ""maximum"": 0.94026}","{""n"": 5, ""mean"": 0.24536314598941802, ""std"": 0.008285934161117446, ""ci95"": [0.23507479985007176, 0.25565149212876426], ""median"": 0.24518214580059053, ""minimum"": 0.23472033415794374, ""maximum"": 0.2571126543521881}","{""n"": 5, ""mean"": 0.03753046444755793, ""std"": 0.002021068501087188, ""ci95"": [0.03502097645185431, 0.04003995244326154], ""median"": 0.03739028627425432, ""minimum"": 0.03481378011405468, ""maximum"": 0.040428255918622015}","{""n"": 5, ""mean"": 0.10129651827049255, ""std"": 0.003644546276697672, ""ci95"": [0.09677121636892946, 0.10582182017205563], ""median"": 0.10228618106126786, ""minimum"": 0.0958518811893463, ""maximum"": 0.10562549449920654}","{""n"": 5, ""mean"": 0.07880564197579265, ""std"": 0.002112196315760315, ""ci95"": [0.07618300385337444, 0.08142828009821086], ""median"": 0.07863027218126575, ""minimum"": 0.07576416138616973, ""maximum"": 0.08143359327367244}","{""n"": 5, ""mean"": 0.09316114320326334, ""std"": 0.004141785496490355, ""ci95"": [0.08801843726398875, 0.09830384914253792], ""median"": 0.09190983904361026, ""minimum"": 0.08778443590821407, ""maximum"": 0.09752144582981563}","{""n"": 5, ""mean"": 0.005424000000000002, ""std"": 0.0007911257801386582, ""ci95"": [0.004441687600750962, 0.006406312399249042], ""median"": 0.005459999999999998, ""minimum"": 0.004239999999999999, ""maximum"": 0.006259999999999999}","{""n"": 5, ""mean"": 0.03773860732647239, ""std"": 0.0012077129527172205, ""ci95"": [0.03623903363291905, 0.039238181020025735], ""median"": 0.037341473414075545, ""minimum"": 0.03644255485344926, ""maximum"": 0.03924748758880863}","{""n"": 5, ""mean"": 0.023493468952927945, ""std"": 0.0021857439884925716, ""ci95"": [0.02077950933312641, 0.02620742857272948], ""median"": 0.0236225497179738, ""minimum"": 0.02052320104285449, ""maximum"": 0.02657890955598276}"
D1,contrast,"{""n"": 5, ""mean"": 0.766948, ""std"": 0.003084950566864896, ""ci95"": [0.7631175279448855, 0.7707784720551144], ""median"": 0.76702, ""minimum"": 0.76284, ""maximum"": 0.7714}","{""n"": 5, ""mean"": 1.028890366876602, ""std"": 0.03278731156705758, ""ci95"": [0.9881795425058968, 1.0696011912473073], ""median"": 1.031864046974182, ""minimum"": 0.9848735440063476, ""maximum"": 1.0625571497058868}","{""n"": 5, ""mean"": 0.15493759556627273, ""std"": 0.006746062121161332, ""ci95"": [0.14656125310078058, 0.1633139380317649], ""median"": 0.15259063770622014, ""minimum"": 0.14713691148996355, ""maximum"": 0.1638822191861272}","{""n"": 5, ""mean"": 0.3729953129396439, ""std"": 0.01010351821444157, ""ci95"": [0.3604501381175758, 0.38554048776171196], ""median"": 0.37194451889514923, ""minimum"": 0.35866736664056775, ""maximum"": 0.3842357488679886}","{""n"": 5, ""mean"": 0.23289062527168042, ""std"": 0.014471855245284264, ""ci95"": [0.21492144362639462, 0.25085980691696624], ""median"": 0.23627736612271458, ""minimum"": 0.20846410012514563, ""maximum"": 0.24611583229948475}","{""n"": 5, ""mean"": 0.2818555000688775, ""std"": 0.02171071033682039, ""ci95"": [0.2548980926682172, 0.30881290746953777], ""median"": 0.2916708479024429, ""minimum"": 0.24989435257142992, ""maximum"": 0.3050943407316471}","{""n"": 5, ""mean"": 0.02659199999999999, ""std"": 0.0061015834010525495, ""ci95"": [0.019015883558875346, 0.034168116441124635], ""median"": 0.02631999999999999, ""minimum"": 0.01971999999999998, ""maximum"": 0.034339999999999996}","{""n"": 5, ""mean"": 0.11281882950404695, ""std"": 0.007420146948244627, ""ci95"": [0.10360550017703005, 0.12203215883106386], ""median"": 0.11525058736281663, ""minimum"": 0.10064922372996099, ""maximum"": 0.12056925662623481}","{""n"": 5, ""mean"": 0.06697927444384222, ""std"": 0.009056158243447377, ""ci95"": [0.05573456879091735, 0.07822398009676709], ""median"": 0.06426595849462355, ""minimum"": 0.054799844767650256, ""maximum"": 0.07603932473147598}"
D1,defocus_blur,"{""n"": 5, ""mean"": 0.8269759999999999, ""std"": 0.00525287349933349, ""ci95"": [0.820453696088759, 0.8334983039112409], ""median"": 0.82636, ""minimum"": 0.81914, ""maximum"": 0.8327}","{""n"": 5, ""mean"": 0.7391211501226426, ""std"": 0.03685717713361721, ""ci95"": [0.693356920200411, 0.7848853800448742], ""median"": 0.7361306332969666, ""minimum"": 0.6994329592514038, ""maximum"": 0.7981817469978333}","{""n"": 5, ""mean"": 0.11470972702556849, ""std"": 0.00795945785453395, ""ci95"": [0.10482675476237349, 0.12459269928876349], ""median"": 0.11256391645997763, ""minimum"": 0.10625662270992994, ""maximum"": 0.1268236614498496}","{""n"": 5, ""mean"": 0.28182420706129074, ""std"": 0.012196193645767683, ""ci95"": [0.2666806324962195, 0.296967781626362], ""median"": 0.28071028893232347, ""minimum"": 0.2690575213718414, ""maximum"": 0.3008920913171768}","{""n"": 5, ""mean"": 0.17532340963735493, ""std"": 0.009589866836623096, ""ci95"": [0.1634160172387518, 0.18723080203595807], ""median"": 0.1769682822414137, ""minimum"": 0.16318261830375588, ""maximum"": 0.18451619604996203}","{""n"": 5, ""mean"": 0.20734109540321596, ""std"": 0.009423771350065623, ""ci95"": [0.19563993779053537, 0.21904225301589655], ""median"": 0.20269291705953366, ""minimum"": 0.1994179577732197, ""maximum"": 0.22067689607272273}","{""n"": 5, ""mean"": 0.015532000000000004, ""std"": 0.0012736247485032564, ""ci95"": [0.013950586002562184, 0.017113413997437824], ""median"": 0.015880000000000005, ""minimum"": 0.014000000000000035, ""maximum"": 0.01714}","{""n"": 5, ""mean"": 0.08396607189447768, ""std"": 0.0036769598434900756, ""ci95"": [0.07940052323397509, 0.08853162055498026], ""median"": 0.08407235227602583, ""minimum"": 0.07990940546814158, ""maximum"": 0.08784447063124176}","{""n"": 5, ""mean"": 0.054408917524003786, ""std"": 0.003870972769324421, ""ci95"": [0.04960246999830652, 0.059215365049701055], ""median"": 0.055828301035190625, ""minimum"": 0.04949322714998242, ""maximum"": 0.05791274983503558}"
D1,elastic_transform,"{""n"": 5, ""mean"": 0.8492280000000001, ""std"": 0.003663839516136038, ""ci95"": [0.8446787423776176, 0.8537772576223825], ""median"": 0.8486400000000001, ""minimum"": 0.8455, ""maximum"": 0.85394}","{""n"": 5, ""mean"": 0.6034684131259918, ""std"": 0.02117385810181875, ""ci95"": [0.5771775958178883, 0.6297592304340952], ""median"": 0.5977077139282226, ""minimum"": 0.5791917992019653, ""maximum"": 0.6276337033271789}","{""n"": 5, ""mean"": 0.09312528864049911, ""std"": 0.003926693406719198, ""ci95"": [0.08824965480539179, 0.09800092247560643], ""median"": 0.09102652828335762, ""minimum"": 0.0894139368095994, ""maximum"": 0.09751768688768148}","{""n"": 5, ""mean"": 0.24256015892505645, ""std"": 0.00669200499523015, ""ci95"": [0.2342509372466794, 0.2508693806034335], ""median"": 0.24221996924877165, ""minimum"": 0.23447989591121673, ""maximum"": 0.24964744988441467}","{""n"": 5, ""mean"": 0.17382801806569256, ""std"": 0.007688807802432891, ""ci95"": [0.16428110222830342, 0.1833749339030817], ""median"": 0.1720237897202873, ""minimum"": 0.16729690786446794, ""maximum"": 0.18675376878615615}","{""n"": 5, ""mean"": 0.20615342148634813, ""std"": 0.0031051091021704765, ""ci95"": [0.20229791930368823, 0.21000892366900803], ""median"": 0.2059116901034978, ""minimum"": 0.20305745850602455, ""maximum"": 0.21073204745863505}","{""n"": 5, ""mean"": 0.015379999999999998, ""std"": 0.0015608971779076351, ""ci95"": [0.013441890169294228, 0.017318109830705766], ""median"": 0.015700000000000002, ""minimum"": 0.01319999999999999, ""maximum"": 0.017280000000000007}","{""n"": 5, ""mean"": 0.08342021622597362, ""std"": 0.0007862612164008216, ""ci95"": [0.08244394398038482, 0.08439648847156242], ""median"": 0.08297686989293569, ""minimum"": 0.08287323653025087, ""maximum"": 0.08472206324985372}","{""n"": 5, ""mean"": 0.05238129275768846, ""std"": 0.003795732447757669, ""ci95"": [0.0476682684304939, 0.057094317084883016], ""median"": 0.05251940244978462, ""minimum"": 0.04626899055259491, ""maximum"": 0.056000425730188215}"
D1,fog,"{""n"": 5, ""mean"": 0.8885, ""std"": 0.0010334408546210643, ""ci95"": [0.887216813696544, 0.8897831863034559], ""median"": 0.8886999999999999, ""minimum"": 0.88726, ""maximum"": 0.88994}","{""n"": 5, ""mean"": 0.45708802728652953, ""std"": 0.011321747740835641, ""ci95"": [0.4430302207199891, 0.47114583385306996], ""median"": 0.46053152190208435, ""minimum"": 0.4419968373060226, ""maximum"": 0.470895947432518}","{""n"": 5, ""mean"": 0.07125107886362075, ""std"": 0.002185252246842902, ""ci95"": [0.06853772982172203, 0.07396442790551948], ""median"": 0.071566307246387, ""minimum"": 0.06788100307941437, ""maximum"": 0.07379534933924675}","{""n"": 5, ""mean"": 0.18126244881534576, ""std"": 0.00316768838660564, ""ci95"": [0.17732924418816937, 0.18519565344252215], ""median"": 0.181681994702816, ""minimum"": 0.1765638193178177, ""maximum"": 0.18477829382658004}","{""n"": 5, ""mean"": 0.12353056584588107, ""std"": 0.005264067086414625, ""ci95"": [0.11699436326055063, 0.1300667684312115], ""median"": 0.12176289887052087, ""minimum"": 0.11813172399883158, ""maximum"": 0.12944375398389296}","{""n"": 5, ""mean"": 0.14722199349645282, ""std"": 0.009819562650609279, ""ci95"": [0.13502939607508493, 0.1594145909178207], ""median"": 0.1432817861596949, ""minimum"": 0.13857686229414481, ""maximum"": 0.1631791615956748}","{""n"": 5, ""mean"": 0.010060000000000003, ""std"": 0.0012009995836802089, ""ci95"": [0.008568762055086577, 0.01155123794491343], ""median"": 0.009999999999999986, ""minimum"": 0.008419999999999983, ""maximum"": 0.011240000000000028}","{""n"": 5, ""mean"": 0.059449943033188984, ""std"": 0.003177613525739763, ""ci95"": [0.05550441471807258, 0.06339547134830538], ""median"": 0.05866130102372141, ""minimum"": 0.05643050657881695, ""maximum"": 0.06468174785258646}","{""n"": 5, ""mean"": 0.0374522620156887, ""std"": 0.0034608325402951546, ""ci95"": [0.033155070846592125, 0.041749453184785276], ""median"": 0.03814480192819007, ""minimum"": 0.03152135529938037, ""maximum"": 0.040356099803521506}"
D1,frost,"{""n"": 5, ""mean"": 0.79832, ""std"": 0.005163777686926527, ""ci95"": [0.7919083231514155, 0.8047316768485846], ""median"": 0.7981199999999999, ""minimum"": 0.79302, ""maximum"": 0.80366}","{""n"": 5, ""mean"": 0.8806850547084808, ""std"": 0.03215710215210727, ""ci95"": [0.8407567386796483, 0.9206133707373133], ""median"": 0.8924511977958679, ""minimum"": 0.8405992678070069, ""maximum"": 0.9209132083511352}","{""n"": 5, ""mean"": 0.13249135165011883, ""std"": 0.004244677305520829, ""ci95"": [0.12722088865586104, 0.13776181464437662], ""median"": 0.1326225073608756, ""minimum"": 0.1279978659799695, ""maximum"": 0.13866607546955348}","{""n"": 5, ""mean"": 0.3285811505308151, ""std"": 0.008769309036065084, ""ci95"": [0.31769261521161013, 0.3394696858500201], ""median"": 0.3295330324697494, ""minimum"": 0.31940713061332704, ""maximum"": 0.3396348752784729}","{""n"": 5, ""mean"": 0.20812604886238759, ""std"": 0.00845442324508744, ""ci95"": [0.19762849589338546, 0.2186236018313897], ""median"": 0.2047645805117808, ""minimum"": 0.20304819332573446, ""maximum"": 0.22312230778678233}","{""n"": 5, ""mean"": 0.25388961171102936, ""std"": 0.007121684573624519, ""ci95"": [0.24504687236939665, 0.26273235105266207], ""median"": 0.25089570579966414, ""minimum"": 0.24787358659871708, ""maximum"": 0.2643185743123593}","{""n"": 5, ""mean"": 0.021163999999999992, ""std"": 0.00239388387354107, ""ci95"": [0.018191600578343466, 0.024136399421656518], ""median"": 0.02235999999999998, ""minimum"": 0.016979999999999995, ""maximum"": 0.0226}","{""n"": 5, ""mean"": 0.10151209084342046, ""std"": 0.0016456514588130565, ""ci95"": [0.09946874467342078, 0.10355543701342014], ""median"": 0.10203458103015028, ""minimum"": 0.09970700735075767, ""maximum"": 0.10370514266253571}","{""n"": 5, ""mean"": 0.06112910523923097, ""std"": 0.00403835758950291, ""ci95"": [0.056114822008472266, 0.06614338846998968], ""median"": 0.06158074618209798, ""minimum"": 0.05447253010423325, ""maximum"": 0.06508481726269419}"
D1,gaussian_blur,"{""n"": 5, ""mean"": 0.73436, ""std"": 0.012469651157911335, ""ci95"": [0.7188768830870615, 0.7498431169129385], ""median"": 0.73514, ""minimum"": 0.71416, ""maximum"": 0.74796}","{""n"": 5, ""mean"": 1.1918889945030213, ""std"": 0.09506241222008217, ""ci95"": [1.0738534196669396, 1.309924569339103], ""median"": 1.1584007577037811, ""minimum"": 1.097984582862854, ""maximum"": 1.3485443035125733}","{""n"": 5, ""mean"": 0.18095807033914327, ""std"": 0.01950035960089913, ""ci95"": [0.15674517587067965, 0.20517096480760688], ""median"": 0.1721870056602359, ""minimum"": 0.16199922078192233, ""maximum"": 0.21144320921003817}","{""n"": 5, ""mean"": 0.43178280485868453, ""std"": 0.029647133781791898, ""ci95"": [0.39497102619190283, 0.46859458352546624], ""median"": 0.42045323766469955, ""minimum"": 0.4026898057460785, ""maximum"": 0.4800333776760101}","{""n"": 5, ""mean"": 0.25035616269285477, ""std"": 0.023725310446108757, ""ci95"": [0.22089729886571377, 0.27981502651999574], ""median"": 0.25818036007932854, ""minimum"": 0.2220404100194818, ""maximum"": 0.2755760254341725}","{""n"": 5, ""mean"": 0.29912533413625875, ""std"": 0.02442854016955903, ""ci95"": [0.2687932952790428, 0.3294573729934747], ""median"": 0.2974912752778735, ""minimum"": 0.2739460109421355, ""maximum"": 0.3263566969927266}","{""n"": 5, ""mean"": 0.02531199999999999, ""std"": 0.0032037041061870933, ""ci95"": [0.0213340759504499, 0.02928992404955008], ""median"": 0.023719999999999984, ""minimum"": 0.02185999999999999, ""maximum"": 0.02956000000000001}","{""n"": 5, ""mean"": 0.1205379267064226, ""std"": 0.010131163764798386, ""ci95"": [0.10795842539976591, 0.1331174280130793], ""median"": 0.12246722516686563, ""minimum"": 0.10927765976957803, ""maximum"": 0.1310315800179313}","{""n"": 5, ""mean"": 0.0783877833634893, ""std"": 0.007156540609053382, ""ci95"": [0.06950176453754446, 0.08727380218943413], ""median"": 0.07661508000416359, ""minimum"": 0.06936232526277357, ""maximum"": 0.08647209306935312}"
D1,gaussian_noise,"{""n"": 5, ""mean"": 0.488648, ""std"": 0.032815364084526025, ""ci95"": [0.4479023438282952, 0.5293936561717049], ""median"": 0.4773, ""minimum"": 0.466, ""maximum"": 0.54666}","{""n"": 5, ""mean"": 2.7128402298545837, ""std"": 0.3305954309712541, ""ci95"": [2.302351785246919, 3.1233286744622486], ""median"": 2.810885929756165, ""minimum"": 2.1402317325592044, ""maximum"": 2.9640162216949464}","{""n"": 5, ""mean"": 0.3918685055716038, ""std"": 0.04526935790406988, ""ci95"": [0.3356591736403191, 0.4480778375028885], ""median"": 0.4018559271168709, ""minimum"": 0.31397886718481777, ""maximum"": 0.4296640744525194}","{""n"": 5, ""mean"": 0.8689836855354309, ""std"": 0.0768946525357253, ""ci95"": [0.7735063638274329, 0.964461007243429], ""median"": 0.8897578808403015, ""minimum"": 0.7354228631782532, ""maximum"": 0.9306101893615722}","{""n"": 5, ""mean"": 0.34621980655533735, ""std"": 0.04037499440066834, ""ci95"": [0.29608762958034884, 0.39635198353032586], ""median"": 0.3529617267170228, ""minimum"": 0.30389376524148565, ""maximum"": 0.4042847516016179}","{""n"": 5, ""mean"": 0.41588396362120805, ""std"": 0.046435119830506515, ""ci95"": [0.35822714707539033, 0.4735407801670258], ""median"": 0.3931296452904085, ""minimum"": 0.37617389059040957, ""maximum"": 0.4854391673678451}","{""n"": 5, ""mean"": 0.03614400000000001, ""std"": 0.008056120654508602, ""ci95"": [0.026141005018110917, 0.0461469949818891], ""median"": 0.03283999999999998, ""minimum"": 0.029800000000000004, ""maximum"": 0.04900000000000002}","{""n"": 5, ""mean"": 0.16714382111343334, ""std"": 0.018671897545619046, ""ci95"": [0.1439595981528889, 0.1903280440739778], ""median"": 0.16116710447756633, ""minimum"": 0.15116626994066407, ""maximum"": 0.19551901161677943}","{""n"": 5, ""mean"": 0.10170624646259314, ""std"": 0.009298331841162832, ""ci95"": [0.09016084257206951, 0.11325165035311678], ""median"": 0.1040813270836497, ""minimum"": 0.0879698220163092, ""maximum"": 0.11304772016553619}"
D1,glass_blur,"{""n"": 5, ""mean"": 0.567244, ""std"": 0.01623825360068009, ""ci95"": [0.5470815451103328, 0.5874064548896671], ""median"": 0.56732, ""minimum"": 0.55008, ""maximum"": 0.59028}","{""n"": 5, ""mean"": 1.9555791417999266, ""std"": 0.08372730067078117, ""ci95"": [1.8516179668902355, 2.059540316709618], ""median"": 1.9709986028671265, ""minimum"": 1.8248805835342408, ""maximum"": 2.0497981995773316}","{""n"": 5, ""mean"": 0.296049367023468, ""std"": 0.015105406946408094, ""ci95"": [0.277293527039896, 0.31480520700704], ""median"": 0.2965251386639476, ""minimum"": 0.2722591694998741, ""maximum"": 0.31138865456521514}","{""n"": 5, ""mean"": 0.6998431255588532, ""std"": 0.02706119619560601, ""ci95"": [0.6662422124944405, 0.7334440386232659], ""median"": 0.7069704310035706, ""minimum"": 0.6574167162132263, ""maximum"": 0.7264045887470245}","{""n"": 5, ""mean"": 0.4017803995521016, ""std"": 0.02949868657868984, ""ci95"": [0.3651529424330458, 0.4384078566711574], ""median"": 0.394527988341673, ""minimum"": 0.37388522531574475, ""maximum"": 0.45062381751186503}","{""n"": 5, ""mean"": 0.4977226090325413, ""std"": 0.002344227513502009, ""ci95"": [0.4948118661254271, 0.5006333519396554], ""median"": 0.4984979012676998, ""minimum"": 0.49531856983263045, ""maximum"": 0.5008187853097776}","{""n"": 5, ""mean"": 0.048827999999999996, ""std"": 0.008888797443974061, ""ci95"": [0.03779110022649174, 0.05986489977350825], ""median"": 0.050980000000000004, ""minimum"": 0.03508, ""maximum"": 0.05931999999999997}","{""n"": 5, ""mean"": 0.19754004632848254, ""std"": 0.004875574102180451, ""ci95"": [0.19148622149523042, 0.20359387116173466], ""median"": 0.1960747896679227, ""minimum"": 0.19288074564523974, ""maximum"": 0.20513907641531143}","{""n"": 5, ""mean"": 0.10870309596302151, ""std"": 0.008962779063283053, ""ci95"": [0.09757433587628847, 0.11983185604975455], ""median"": 0.10922194060925254, ""minimum"": 0.09736957879490606, ""maximum"": 0.11987937030564504}"
D1,impulse_noise,"{""n"": 5, ""mean"": 0.543452, ""std"": 0.0185111080165397, ""ci95"": [0.5204674236090016, 0.5664365763909985], ""median"": 0.54512, ""minimum"": 0.52132, ""maximum"": 0.57106}","{""n"": 5, ""mean"": 2.282123309326887, ""std"": 0.22262735861215868, ""ci95"": [2.0056949331229705, 2.5585516855308037], ""median"": 2.256132160396576, ""minimum"": 1.9610848838460446, ""maximum"": 2.4980440442657468}","{""n"": 5, ""mean"": 0.3289378127246499, ""std"": 0.027319355455607694, ""ci95"": [0.29501635260129017, 0.3628592728480096], ""median"": 0.33301574310421944, ""minimum"": 0.2878787045508623, ""maximum"": 0.36095511379778383}","{""n"": 5, ""mean"": 0.7530073431915045, ""std"": 0.04560644439299192, ""ci95"": [0.6963794631026444, 0.8096352232803646], ""median"": 0.7532210529708863, ""minimum"": 0.6843204626387358, ""maximum"": 0.8004154848814011}","{""n"": 5, ""mean"": 0.3760386413045997, ""std"": 0.037844618763680664, ""ci95"": [0.32904834065999067, 0.4230289419492087], ""median"": 0.3925239613579452, ""minimum"": 0.317839384626695, ""maximum"": 0.41290095712760233}","{""n"": 5, ""mean"": 0.46044523340792365, ""std"": 0.04591967043802193, ""ci95"": [0.40342843181565, 0.5174620350001973], ""median"": 0.46992288065733123, ""minimum"": 0.3995299586394208, ""maximum"": 0.5165334749063303}","{""n"": 5, ""mean"": 0.045804, ""std"": 0.012340059967439372, ""ci95"": [0.030481791802754985, 0.06112620819724501], ""median"": 0.04146000000000001, ""minimum"": 0.033420000000000005, ""maximum"": 0.06502}","{""n"": 5, ""mean"": 0.18341980599231755, ""std"": 0.017338366088308695, ""ci95"": [0.16189138103278758, 0.20494823095184753], ""median"": 0.1839298427271826, ""minimum"": 0.1577152500368934, ""maximum"": 0.2033108345901811}","{""n"": 5, ""mean"": 0.0933976375204003, ""std"": 0.014932988370149202, ""ci95"": [0.0748558834755905, 0.1119393915652101], ""median"": 0.09090676694699551, ""minimum"": 0.07731337520640646, ""maximum"": 0.11773252317772087}"
D1,jpeg_compression,"{""n"": 5, ""mean"": 0.7943, ""std"": 0.002114000946073561, ""ci95"": [0.7916751211330918, 0.7969248788669082], ""median"": 0.79322, ""minimum"": 0.79274, ""maximum"": 0.7978}","{""n"": 5, ""mean"": 0.8465919493064881, ""std"": 0.005642747676187188, ""ci95"": [0.8395855526660184, 0.8535983459469577], ""median"": 0.8483430110168457, ""minimum"": 0.8370537879943848, ""maximum"": 0.8513402627182006}","{""n"": 5, ""mean"": 0.1325428446112275, ""std"": 0.0030824108597244416, ""ci95"": [0.12871552601903535, 0.13637016320341966], ""median"": 0.133758488047719, ""minimum"": 0.12771543848127126, ""maximum"": 0.13550072527825832}","{""n"": 5, ""mean"": 0.33309144951820374, ""std"": 0.0031121947924741783, ""ci95"": [0.3292271492889913, 0.33695574974741616], ""median"": 0.334388328294754, ""minimum"": 0.32764977855682376, ""maximum"": 0.3352624052810669}","{""n"": 5, ""mean"": 0.21884901536766196, ""std"": 0.011318433227433694, ""ci95"": [0.20479532431308428, 0.23290270642223965], ""median"": 0.2166943868146575, ""minimum"": 0.2083869937999628, ""maximum"": 0.23756855783679406}","{""n"": 5, ""mean"": 0.2653524782280475, ""std"": 0.007940294721408954, ""ci95"": [0.25549330013734656, 0.2752116563187484], ""median"": 0.26155861466236413, ""minimum"": 0.2598448483521247, ""maximum"": 0.2791468758781999}","{""n"": 5, ""mean"": 0.020407999999999996, ""std"": 0.001635518266483126, ""ci95"": [0.018377235850103264, 0.022438764149896727], ""median"": 0.021179999999999997, ""minimum"": 0.017600000000000015, ""maximum"": 0.02147999999999999}","{""n"": 5, ""mean"": 0.1062813936520156, ""std"": 0.0029366590060968356, ""ci95"": [0.1026350498891443, 0.10992773741488689], ""median"": 0.10564754220104931, ""minimum"": 0.10353705973197823, ""maximum"": 0.10977444145415512}","{""n"": 5, ""mean"": 0.06499061796614429, ""std"": 0.003889832152493491, ""ci95"": [0.06016075342333766, 0.06982048250895093], ""median"": 0.06676729735266221, ""minimum"": 0.058467988094768206, ""maximum"": 0.06823359491299963}"
D1,motion_blur,"{""n"": 5, ""mean"": 0.785328, ""std"": 0.009413231113703726, ""ci95"": [0.7736399298193426, 0.7970160701806575], ""median"": 0.78324, ""minimum"": 0.77618, ""maximum"": 0.79962}","{""n"": 5, ""mean"": 0.91502457878685, ""std"": 0.04352883315501045, ""ci95"": [0.860976393774455, 0.9690727637992449], ""median"": 0.9394888291549683, ""minimum"": 0.8522459462165832, ""maximum"": 0.9531344197463989}","{""n"": 5, ""mean"": 0.1416717731576562, ""std"": 0.006466501859084345, ""ci95"": [0.13364255060491342, 0.14970099571039897], ""median"": 0.14178729794979095, ""minimum"": 0.1325868071630597, ""maximum"": 0.1491578292429447}","{""n"": 5, ""mean"": 0.34954500471019745, ""std"": 0.014706032401895951, ""ci95"": [0.33128505372034517, 0.36780495570004973], ""median"": 0.3565150839662552, ""minimum"": 0.3268364968109131, ""maximum"": 0.3619549502849579}","{""n"": 5, ""mean"": 0.21752253482147138, ""std"": 0.01593233617675826, ""ci95"": [0.1977399265835112, 0.23730514305943157], ""median"": 0.21440269502703332, ""minimum"": 0.2037831726488404, ""maximum"": 0.24482804019838628}","{""n"": 5, ""mean"": 0.25911797350211985, ""std"": 0.006296932913637609, ""ci95"": [0.2512992986041517, 0.266936648400088], ""median"": 0.2575304840711516, ""minimum"": 0.25274577119708763, ""maximum"": 0.26967207334833393}","{""n"": 5, ""mean"": 0.019780000000000006, ""std"": 0.00151538773916116, ""ci95"": [0.017898397600964195, 0.021661602399035817], ""median"": 0.01983999999999999, ""minimum"": 0.017800000000000017, ""maximum"": 0.02183999999999999}","{""n"": 5, ""mean"": 0.10459307865137309, ""std"": 0.003947115045341898, ""ci95"": [0.09969208800280363, 0.10949406929994254], ""median"": 0.10309668833581508, ""minimum"": 0.10192559522079386, ""maximum"": 0.11157860905290494}","{""n"": 5, ""mean"": 0.06652540123767005, ""std"": 0.006175897828308481, ""ci95"": [0.05885701124767458, 0.07419379122766552], ""median"": 0.06542253874939459, ""minimum"": 0.05770338586043162, ""maximum"": 0.07386539002179222}"
D1,pixelate,"{""n"": 5, ""mean"": 0.754292, ""std"": 0.008750138284621557, ""ci95"": [0.7434272683126809, 0.765156731687319], ""median"": 0.74952, ""minimum"": 0.7454999999999999, ""maximum"": 0.76506}","{""n"": 5, ""mean"": 1.1987533896846772, ""std"": 0.06644027300808988, ""ci95"": [1.1162568946597025, 1.2812498847096518], ""median"": 1.2187329077148439, ""minimum"": 1.113254278049469, ""maximum"": 1.273124980096817}","{""n"": 5, ""mean"": 0.17733152069473268, ""std"": 0.008648597272409143, ""ci95"": [0.16659286882661895, 0.18807017256284642], ""median"": 0.17716354799181225, ""minimum"": 0.16688957801759244, ""maximum"": 0.18751405585289002}","{""n"": 5, ""mean"": 0.4108823408689499, ""std"": 0.016026864821279577, ""ci95"": [0.39098235981628865, 0.4307823219216112], ""median"": 0.41793196473121647, ""minimum"": 0.39070086380004887, ""maximum"": 0.4275069830751419}","{""n"": 5, ""mean"": 0.20481058866352017, ""std"": 0.007568925631779794, ""ci95"": [0.1954125262014575, 0.21420865112558285], ""median"": 0.20101929864775273, ""minimum"": 0.1998696466351929, ""maximum"": 0.21771512499835285}","{""n"": 5, ""mean"": 0.24707753055553988, ""std"": 0.011625348812098677, ""ci95"": [0.23264275346899604, 0.2615123076420837], ""median"": 0.24359248116492468, ""minimum"": 0.2347322259033419, ""maximum"": 0.26595886621273357}","{""n"": 5, ""mean"": 0.02548, ""std"": 0.0027209189624095636, ""ci95"": [0.022101532882346096, 0.028858467117653903], ""median"": 0.026620000000000022, ""minimum"": 0.021220000000000017, ""maximum"": 0.02787999999999997}","{""n"": 5, ""mean"": 0.09944393698896932, ""std"": 0.0029266421556021906, ""ci95"": [0.09581003078873261, 0.10307784318920603], ""median"": 0.09823198909272178, ""minimum"": 0.0973563868755157, ""maximum"": 0.1045845301067671}","{""n"": 5, ""mean"": 0.04986057252899516, ""std"": 0.008672789066235675, ""ci95"": [0.03909188258143506, 0.06062926247655526], ""median"": 0.05311104283804449, ""minimum"": 0.03523423003249637, ""maximum"": 0.05620205542463706}"
D1,saturate,"{""n"": 5, ""mean"": 0.920732, ""std"": 0.0018201428515366462, ""ci95"": [0.918471994149659, 0.922992005850341], ""median"": 0.92074, ""minimum"": 0.91812, ""maximum"": 0.9231}","{""n"": 5, ""mean"": 0.314006807979703, ""std"": 0.008092603185497073, ""ci95"": [0.30395851395252216, 0.3240551020068838], ""median"": 0.31164823081970217, ""minimum"": 0.3053066236579418, ""maximum"": 0.3228649961453676}","{""n"": 5, ""mean"": 0.048677784975528715, ""std"": 0.002084418218751328, ""ci95"": [0.04608963791610517, 0.051265932034952263], ""median"": 0.04951365200519562, ""minimum"": 0.04539067920207977, ""maximum"": 0.05082578020513057}","{""n"": 5, ""mean"": 0.12853124077858777, ""std"": 0.0029325256063467624, ""ci95"": [0.12489002930937632, 0.13217245224779922], ""median"": 0.12824682098865509, ""minimum"": 0.12442789080321788, ""maximum"": 0.1319897849404812}","{""n"": 5, ""mean"": 0.09578640928768105, ""std"": 0.002216496408457878, ""ci95"": [0.09303426549515095, 0.09853855308021114], ""median"": 0.09603633479002456, ""minimum"": 0.09341553992573637, ""maximum"": 0.09902556985983683}","{""n"": 5, ""mean"": 0.11365492783772986, ""std"": 0.0028273521309793736, ""ci95"": [0.11014430648644807, 0.11716554918901165], ""median"": 0.11419036812524894, ""minimum"": 0.10967361458911298, ""maximum"": 0.11690134011500632}","{""n"": 5, ""mean"": 0.007100000000000008, ""std"": 0.0008787491109526166, ""ci95"": [0.006008888865476577, 0.008191111134523438], ""median"": 0.007100000000000018, ""minimum"": 0.005899999999999994, ""maximum"": 0.008000000000000007}","{""n"": 5, ""mean"": 0.04595976795039647, ""std"": 0.0005276892592762894, ""ci95"": [0.04530455519491429, 0.04661498070587865], ""median"": 0.04581182462349369, ""minimum"": 0.04529680766445638, ""maximum"": 0.046607908425281445}","{""n"": 5, ""mean"": 0.028404561572077353, ""std"": 0.0021662988258192256, ""ci95"": [0.025714746310706527, 0.03109437683344818], ""median"": 0.02861695774254211, ""minimum"": 0.02495024159201493, ""maximum"": 0.03095417732125518}"
D1,shot_noise,"{""n"": 5, ""mean"": 0.6129, ""std"": 0.02635316679262664, ""ci95"": [0.5801782215549365, 0.6456217784450635], ""median"": 0.603, ""minimum"": 0.59588, ""maximum"": 0.6597}","{""n"": 5, ""mean"": 1.944545497866869, ""std"": 0.2078680479034043, ""ci95"": [1.686443226408316, 2.202647769325422], ""median"": 2.0316796593236925, ""minimum"": 1.5894268300533294, ""maximum"": 2.102318592071533}","{""n"": 5, ""mean"": 0.2837810294291973, ""std"": 0.03297973567366429, ""ci95"": [0.2428312789729319, 0.3247307798854627], ""median"": 0.29343125597566366, ""minimum"": 0.2269509483978152, ""maximum"": 0.3110807248869538}","{""n"": 5, ""mean"": 0.6471708795313835, ""std"": 0.05625879696397543, ""ci95"": [0.5773163567589599, 0.7170254023038072], ""median"": 0.6661191275072098, ""minimum"": 0.5490786383318901, ""maximum"": 0.6905608523631096}","{""n"": 5, ""mean"": 0.30102898297865216, ""std"": 0.02332606402234605, ""ci95"": [0.2720658490623089, 0.3299921168949954], ""median"": 0.3049990035679599, ""minimum"": 0.2732606890039914, ""maximum"": 0.3298774859007087}","{""n"": 5, ""mean"": 0.36271948273841026, ""std"": 0.024007003062560366, ""ci95"": [0.3329108513308615, 0.392528114145959], ""median"": 0.35051768038919023, ""minimum"": 0.3408378755544149, ""maximum"": 0.39685164313287413}","{""n"": 5, ""mean"": 0.03143599999999999, ""std"": 0.0045479753737240145, ""ci95"": [0.025788942713729564, 0.03708305728627042], ""median"": 0.029339999999999988, ""minimum"": 0.027559999999999984, ""maximum"": 0.038680000000000006}","{""n"": 5, ""mean"": 0.14569203401390782, ""std"": 0.009670823673007211, ""ci95"": [0.13368412042615804, 0.1576999476016576], ""median"": 0.14387231142231346, ""minimum"": 0.13687807620246648, ""maximum"": 0.15979592374110235}","{""n"": 5, ""mean"": 0.08805544294246624, ""std"": 0.006606859115573092, ""ci95"": [0.07985194383745475, 0.09625894204747773], ""median"": 0.0886756701058739, ""minimum"": 0.07921930079069012, ""maximum"": 0.09752516294458614}"
D1,snow,"{""n"": 5, ""mean"": 0.831784, ""std"": 0.0029942411392538284, ""ci95"": [0.8280661585754479, 0.8355018414245521], ""median"": 0.8315, ""minimum"": 0.828, ""maximum"": 0.83626}","{""n"": 5, ""mean"": 0.7050652779159546, ""std"": 0.017557566296470217, ""ci95"": [0.6832646799495518, 0.7268658758823575], ""median"": 0.7027431073379516, ""minimum"": 0.6838732043075562, ""maximum"": 0.7313047316837311}","{""n"": 5, ""mean"": 0.1081713418431282, ""std"": 0.003569812381338262, ""ci95"": [0.10373883432887843, 0.11260384935737797], ""median"": 0.10797370392024516, ""minimum"": 0.10452318441957235, ""maximum"": 0.1134891763484478}","{""n"": 5, ""mean"": 0.27346071270656586, ""std"": 0.00590629029552077, ""ci95"": [0.2661270846836774, 0.2807943407294543], ""median"": 0.27367431399822234, ""minimum"": 0.265398787727356, ""maximum"": 0.28179735087394714}","{""n"": 5, ""mean"": 0.18202049250147906, ""std"": 0.007689782268803098, ""ci95"": [0.17247236670428057, 0.19156861829867755], ""median"": 0.17764015077455697, ""minimum"": 0.17677740943415207, ""maximum"": 0.194887965335279}","{""n"": 5, ""mean"": 0.22101335461250146, ""std"": 0.005174646561514228, ""ci95"": [0.21458818227364032, 0.2274385269513626], ""median"": 0.21932350838460785, ""minimum"": 0.21563306249179703, ""maximum"": 0.22924580901055713}","{""n"": 5, ""mean"": 0.016711999999999998, ""std"": 0.0022675802080632133, ""ci95"": [0.0138964272926085, 0.019527572707391496], ""median"": 0.017379999999999996, ""minimum"": 0.013119999999999998, ""maximum"": 0.01854}","{""n"": 5, ""mean"": 0.08851809197046694, ""std"": 0.0011891058077322875, ""ci95"": [0.08704162209895075, 0.08999456184198312], ""median"": 0.08855518936336915, ""minimum"": 0.08691132504330792, ""maximum"": 0.0901200298733968}","{""n"": 5, ""mean"": 0.05257744400608723, ""std"": 0.0030200540358863415, ""ci95"": [0.04882755163709717, 0.05632733637507729], ""median"": 0.05318471983259069, ""minimum"": 0.048140278631511255, ""maximum"": 0.056359245354797034}"
D1,spatter,"{""n"": 5, ""mean"": 0.847456, ""std"": 0.004322092086015731, ""ci95"": [0.8420894138598728, 0.8528225861401272], ""median"": 0.84554, ""minimum"": 0.84262, ""maximum"": 0.85276}","{""n"": 5, ""mean"": 0.6481599722857475, ""std"": 0.02924500259116634, ""ci95"": [0.6118475054409204, 0.6844724391305747], ""median"": 0.6556872758865356, ""minimum"": 0.6131934095382691, ""maximum"": 0.6771476117777825}","{""n"": 5, ""mean"": 0.09976364906859397, ""std"": 0.005883114436430967, ""ci95"": [0.09245879767556481, 0.10706850046162314], ""median"": 0.10256274840652943, ""minimum"": 0.09068166477769612, ""maximum"": 0.10438182723671198}","{""n"": 5, ""mean"": 0.2505496090598106, ""std"": 0.008915690833430027, ""ci95"": [0.23947931673282521, 0.261619901386796], ""median"": 0.2547300493049622, ""minimum"": 0.23893553483724594, ""maximum"": 0.2592760279250145}","{""n"": 5, ""mean"": 0.1612244885933874, ""std"": 0.007244709798226085, ""ci95"": [0.152228993259496, 0.1702199839272788], ""median"": 0.1577779107580267, ""minimum"": 0.15469678542719995, ""maximum"": 0.1725852499134501}","{""n"": 5, ""mean"": 0.19486874216686437, ""std"": 0.002271188864820716, ""ci95"": [0.1920486887202952, 0.19768879561343353], ""median"": 0.19565905615940107, ""minimum"": 0.1920378964054762, ""maximum"": 0.19762539553578296}","{""n"": 5, ""mean"": 0.015347999999999997, ""std"": 0.0017895586047961566, ""ci95"": [0.013125969507748848, 0.017570030492251146], ""median"": 0.014900000000000002, ""minimum"": 0.01322000000000001, ""maximum"": 0.018079999999999985}","{""n"": 5, ""mean"": 0.07820016430366405, ""std"": 0.0008662022191479808, ""ci95"": [0.0771246321929838, 0.07927569641434432], ""median"": 0.07805383852635117, ""minimum"": 0.07703888430912054, ""maximum"": 0.079118332672036}","{""n"": 5, ""mean"": 0.0448845511080484, ""std"": 0.0034793131035429146, ""ci95"": [0.04056441328890055, 0.04920468892719625], ""median"": 0.04486718511775685, ""minimum"": 0.04120596254671759, ""maximum"": 0.048780770703012406}"
D1,speckle_noise,"{""n"": 5, ""mean"": 0.6478240000000001, ""std"": 0.019020690839188763, ""ci95"": [0.6242066929640152, 0.6714413070359849], ""median"": 0.64, ""minimum"": 0.6369, ""maximum"": 0.68172}","{""n"": 5, ""mean"": 1.7280278247610927, ""std"": 0.14038889082908643, ""ci95"": [1.5537119932708572, 1.9023436562513283], ""median"": 1.794526494987011, ""minimum"": 1.4907380198764801, ""maximum"": 1.8383250076520443}","{""n"": 5, ""mean"": 0.2522705360161662, ""std"": 0.02369807653319305, ""ci95"": [0.2228454875582229, 0.2816955844741096], ""median"": 0.2594804328504205, ""minimum"": 0.2111929082018137, ""maximum"": 0.2718607645335793}","{""n"": 5, ""mean"": 0.5827533622422516, ""std"": 0.04019986983490129, ""ci95"": [0.5328386311357771, 0.6326680933487261], ""median"": 0.5965270327313245, ""minimum"": 0.5124404675385356, ""maximum"": 0.6144089144510031}","{""n"": 5, ""mean"": 0.2925983391129243, ""std"": 0.01778684879249045, ""ci95"": [0.2705130493257948, 0.31468362890005386], ""median"": 0.2962740497950662, ""minimum"": 0.2687511302467296, ""maximum"": 0.3132093204630318}","{""n"": 5, ""mean"": 0.3544719736818337, ""std"": 0.018345056192203616, ""ci95"": [0.3316935778629494, 0.377250369500718], ""median"": 0.34251892928880523, ""minimum"": 0.33953725254140504, ""maximum"": 0.3786767479886784}","{""n"": 5, ""mean"": 0.02951999999999999, ""std"": 0.004176481772975901, ""ci95"": [0.02433421294334158, 0.0347057870566584], ""median"": 0.028719999999999968, ""minimum"": 0.024980000000000002, ""maximum"": 0.03529999999999998}","{""n"": 5, ""mean"": 0.14206480660079926, ""std"": 0.007178543611088825, ""ci95"": [0.13315146743937462, 0.1509781457622239], ""median"": 0.13903782201959425, ""minimum"": 0.13541267456353437, ""maximum"": 0.15224448575277394}","{""n"": 5, ""mean"": 0.08511555300789005, ""std"": 0.005737871629272143, ""ci95"": [0.07799104437950803, 0.09224006163627206], ""median"": 0.08645526537054349, ""minimum"": 0.07791182485641912, ""maximum"": 0.09227234350474423}"
D1,zoom_blur,"{""n"": 5, ""mean"": 0.786636, ""std"": 0.0075889841217385845, ""ci95"": [0.7772130316330972, 0.7960589683669028], ""median"": 0.78904, ""minimum"": 0.7736999999999999, ""maximum"": 0.79342}","{""n"": 5, ""mean"": 0.8971614947006703, ""std"": 0.045308928431322476, ""ci95"": [0.8409030294703062, 0.9534199599310345], ""median"": 0.8780614672529697, ""minimum"": 0.8675849816417694, ""maximum"": 0.9770251224136353}","{""n"": 5, ""mean"": 0.13720489795958996, ""std"": 0.009656114056581091, ""ci95"": [0.1252152487729839, 0.149194547146196], ""median"": 0.1341945438453555, ""minimum"": 0.12977202266186474, ""maximum"": 0.1533447670686245}","{""n"": 5, ""mean"": 0.34454533399915693, ""std"": 0.015352167514018715, ""ci95"": [0.32548310030260647, 0.3636075676957074], ""median"": 0.34101872404813766, ""minimum"": 0.33093150514125824, ""maximum"": 0.37080345956325533}","{""n"": 5, ""mean"": 0.22731309208235131, ""std"": 0.011317573612428244, ""ci95"": [0.21326046838077822, 0.2413657157839244], ""median"": 0.22923700192701013, ""minimum"": 0.21473160502886515, ""maximum"": 0.24136915934086078}","{""n"": 5, ""mean"": 0.26921218069341174, ""std"": 0.011804727611458489, ""ci95"": [0.2545546754096618, 0.28386968597716167], ""median"": 0.2660125616453, ""minimum"": 0.25743847989390023, ""maximum"": 0.2877198433771345}","{""n"": 5, ""mean"": 0.021764000000000016, ""std"": 0.0012228164212178406, ""ci95"": [0.020245672873361452, 0.02328232712663858], ""median"": 0.02240000000000002, ""minimum"": 0.020320000000000005, ""maximum"": 0.023060000000000015}","{""n"": 5, ""mean"": 0.10901838156329663, ""std"": 0.004179963573272115, ""ci95"": [0.10382827128056148, 0.11420849184603178], ""median"": 0.10931403366182726, ""minimum"": 0.10354647334884037, ""maximum"": 0.11430319590908881}","{""n"": 5, ""mean"": 0.0692244242234222, ""std"": 0.004638829674293892, ""ci95"": [0.06346455642305217, 0.07498429202379224], ""median"": 0.0703483418022483, ""minimum"": 0.062008715301326636, ""maximum"": 0.07324798690708664}"
